"['Top Genre', 'artist type', 'year released', 'top year', 'bpm', 'artist', 'title']"
"['Dance Pop', 'Duo', '2009', '2010', '140', '3OH!3', 'STARSTRUKK (feat. Katy Perry)']"
"['Dance Pop', 'Duo', '2010', '2010', '138', '3OH!3', 'My First Kiss (feat. Ke$ha)']"
"['Pop Soul', 'Solo', '2010', '2010', '95', 'Aloe Blacc', 'I Need A Dollar']"
"['Atl Hip Hop', 'Solo', '2010', '2010', '93', 'B.o.B', 'Airplanes (feat. Hayley Williams of Paramore)']"
"['Atl Hip Hop', 'Solo', '2010', '2010', '104', 'B.o.B', ""Nothin' on You (feat. Bruno Mars)""]"
"['Atl Hip Hop', 'Solo', '2010', '2010', '82', 'B.o.B', 'Magic (feat. Rivers Cuomo)']"
"['Dance Pop', 'Band/Group', '2010', '2010', '128', 'Black Eyed Peas', 'The Time (Dirty Bit)']"
"['Dance Pop', 'Band/Group', '2009', '2010', '92', 'Black Eyed Peas', 'Imma Be']"
"['Dance Pop', 'Solo', '2010', '2010', '146', 'Bruno Mars', 'Talking to the Moon']"
"['Dance Pop', 'Solo', '2010', '2010', '109', 'Bruno Mars', 'Just the Way You Are']"
"['Pop Rap', 'Band/Group', '2011', '2010', '85', 'Cali Swag District', 'Teach Me How to Dougie']"
"['Atl Hip Hop', 'Solo', '2010', '2010', '127', 'CeeLo Green', 'Forget You']"
"['Dance Pop', 'Solo', '2011', '2010', '74', 'Chris Brown', 'Deuces (feat. Tyga & Kevin McCall)']"
"['Big Room', 'Solo', '2009', '2010', '130', 'David Guetta', 'Memories (feat. Kid Cudi)']"
"['Big Room', 'Solo', '2009', '2010', '130', 'David Guetta', ""Gettin' Over You (feat. Fergie & LMFAO)""]"
"['Dance Pop', 'Solo', '2010', '2010', '150', 'DJ Khaled', 'All I Do Is Win (feat. T-Pain, Ludacris, Snoop Dogg & Rick Ross)']"
"['Canadian Hip Hop', 'Solo', '2010', '2010', '100', 'Drake', 'Over']"
"['Canadian Hip Hop', 'Solo', '2010', '2010', '96', 'Drake', 'Find Your Love']"
"['Disco House', 'Duo', '2010', '2010', '128', 'Duck Sauce', 'Barbra Streisand (Radio Edit)']"
"['Romanian House', 'Solo', '2010', '2010', '127', 'Edward Maya', 'Stereo Love - Radio Edit']"
"['Lilith', 'Solo', '2010', '2010', '133', 'Eliza Doolittle', 'Pack Up']"
"['Dance Pop', 'Solo', '2010', '2010', '150', 'Ellie Goulding', 'Starry Eyed']"
"['Detroit Hip Hop', 'Solo', '2010', '2010', '87', 'Eminem', 'Love The Way You Lie']"
"['Detroit Hip Hop', 'Solo', '2010', '2010', '115', 'Eminem', 'Not Afraid']"
"['Dance Pop', 'Solo', '2010', '2010', '129', 'Enrique Iglesias', 'I Like It']"
"['Dance Pop', 'Solo', '2010', '2010', '126', 'Example', 'Kickstarts']"
"['Asian American Hip Hop', 'Band/Group', '2010', '2010', '125', 'Far East Movement', 'Like A G6']"
"['Dance Pop', 'Solo', '2010', '2010', '128', 'Flo Rida', ""Club Can't Handle Me (feat. David Guetta)""]"
"['Dance Pop', 'Solo', '2010', '2010', '128', 'INNA', 'Hot - Malibu Breeze Radio Edit']"
"['Dance Pop', 'Solo', '2009', '2010', '91', 'Iyaz', 'Replay']"
"['Dance Pop', 'Solo', '2010', '2010', '144', 'Jason Derulo', 'Whatcha Say']"
"['Dance Pop', 'Solo', '2010', '2010', '89', 'Jason Derulo', ""Ridin' Solo""]"
"['Dance Pop', 'Solo', '2010', '2010', '110', 'Jason Derulo', 'In My Head']"
"['Dance Pop', 'Solo', '2009', '2010', '132', 'Jay Sean', 'Down']"
"['Dance Pop', 'Solo', '2009', '2010', '126', 'Jay Sean', 'Do You Remember']"
"['East Coast Hip Hop', 'Solo', '2009', '2010', '140', 'JAY-Z', 'Young Forever']"
"['Neo Mellow', 'Solo', '2009', '2010', '97', 'John Mayer', 'Heartbreak Warfare']"
"['Neo Mellow', 'Solo', '2009', '2010', '115', 'John Mayer', 'Half of My Heart']"
"['Canadian Pop', 'Solo', '2010', '2010', '65', 'Justin Bieber', 'Baby']"
"['Dance Pop', 'Solo', '2012', '2010', '125', 'Katy Perry', 'California Gurls']"
"['Dance Pop', 'Solo', '2010', '2010', '120', 'Katy Perry', 'Teenage Dream']"
"['Atl Hip Hop', 'Solo', '2011', '2010', '125', 'Kelly Rowland', 'Commander']"
"['Dance Pop', 'Solo', '2010', '2010', '120', 'Kesha', 'TiK ToK']"
"['Dance Pop', 'Solo', '2010', '2010', '120', 'Kesha', 'Your Love Is My Drug']"
"['Dance Pop', 'Solo', '2010', '2010', '125', 'Kesha', 'Take It Off']"
"['Dance Pop', 'Solo', '2010', '2010', '120', 'Kesha', 'Blah Blah Blah (feat. 3OH!3)']"
"['Reggae Fusion', 'Solo', '2009', '2010', '76', ""K'NAAN"", ""Wavin' Flag""]"
"['Idol', 'Solo', '2009', '2010', '92', 'Kris Allen', ""Live Like We're Dying""]"
"['Art Pop', 'Solo', '2009', '2010', '119', 'Lady Gaga', 'Bad Romance']"
"['Art Pop', 'Solo', '2009', '2010', '122', 'Lady Gaga', 'Telephone']"
"['Art Pop', 'Solo', '2009', '2010', '99', 'Lady Gaga', 'Alejandro']"
"['Hip Hop', 'Solo', '2010', '2010', '76', 'Lil Wayne', 'Right Above It']"
"['Atl Hip Hop', 'Solo', '2010', '2010', '85', 'Ludacris', 'My Chick Bad']"
"['Atl Hip Hop', 'Solo', '2010', '2010', '144', 'Ludacris', 'How Low']"
"['Pop', 'Band/Group', '2010', '2010', '103', 'Maroon 5', 'Misery']"
"['Talent Show', 'Solo', '2011', '2010', '82', 'Matt Cardle', 'When We Collide']"
"['Dance Pop', 'Solo', '2010', '2010', '130', 'Mike Posner', 'Cooler Than Me - Single Mix']"
"['Dance Pop', 'Solo', '2010', '2010', '117', 'Miley Cyrus', ""Can't Be Tamed""]"
"['Modern Alternative Rock', 'Band/Group', '2010', '2010', '148', 'Neon Trees', 'Animal']"
"['Indietronica', 'Band/Group', '2009', '2010', '180', 'Owl City', 'Fireflies']"
"['Grime', 'Duo', '2010', '2010', '147', 'Plan B', 'She Said']"
"['Barbadian Pop', 'Solo', '2010', '2010', '126', 'Rihanna', 'Only Girl (In The World)']"
"['Barbadian Pop', 'Solo', '2009', '2010', '174', 'Rihanna', 'Rude Boy']"
"['Barbadian Pop', 'Solo', '2010', '2010', '100', 'Rihanna', ""What's My Name?""]"
"['Barbadian Pop', 'Solo', '2010', '2010', '156', 'Rihanna', 'Man Down']"
"['Barbadian Pop', 'Solo', '2009', '2010', '182', 'Rihanna', 'Hard']"
"['Art Pop', 'Solo', '2010', '2010', '117', 'Robyn', 'Dancing On My Own - Radio Edit']"
"['Acoustic Pop', 'Solo', '2010', '2010', '119', 'Sara Bareilles', 'King of Anything']"
"['Dance Pop', 'Band/Group', '2017', '2010', '177', 'Scouting For Girls', ""This Ain't a Love Song""]"
"['Dance Pop', 'Solo', '2020', '2010', '121', 'Sean Kingston', 'Eenie Meenie']"
"['Dutch House', 'Solo', '2009', '2010', '126', 'Sidney Samson', 'Riverside']"
"['Belgian Pop', 'Solo', '2010', '2010', '120', 'Stromae', 'Alors on danse - Radio Edit']"
"['Contemporary Country', 'Duo', '2010', '2010', '84', 'Sugarland', 'Stuck Like Glue']"
"['Dance Pop', 'Band/Group', '2010', '2010', '125', 'Swedish House Mafia', 'One - Radio Edit']"
"['Dance Pop', 'Band/Group', '2010', '2010', '125', 'Swedish House Mafia', 'Miami 2 Ibiza - Swedish House Mafia vs. Tinie Tempah']"
"['Dance Pop', 'Solo', '2010', '2010', '120', 'Taio Cruz', 'Dynamite']"
"['Dance Pop', 'Solo', '2010', '2010', '122', 'Taio Cruz', 'Break Your Heart']"
"['Boy Band', 'Band/Group', '2010', '2010', '101', 'Take That', 'The Flood']"
"['Pop', 'Solo', '2010', '2010', '142', 'Taylor Swift', 'Back To December']"
"['Pop', 'Solo', '2010', '2010', '121', 'Taylor Swift', 'Mine']"
"['Pop', 'Solo', '2011', '2010', '158', 'Taylor Swift', 'Today Was A Fairytale']"
"['Contemporary Country', 'Band/Group', '2010', '2010', '131', 'The Band Perry', 'If I Die Young']"
"['Celtic Rock', 'Band/Group', '2011', '2010', '174', 'The Script', 'For the First Time']"
"['Boy Band', 'Band/Group', '2010', '2010', '134', 'The Wanted', 'All Time Low']"
"['EDM', 'Solo', '2010', '2010', '126', 'Tim Berg', 'Seek Bromance (Avicii Vocal Edit)']"
"['Dance Pop', 'Solo', '2009', '2010', '116', 'Timbaland', 'Carry Out (Featuring Justin Timberlake)']"
"['Dance Pop', 'Solo', '2009', '2010', '126', 'Timbaland', 'If We Ever Meet Again (Featuring Katy Perry)']"
"['Dance Pop', 'Solo', '2010', '2010', '91', 'Tinie Tempah', 'Pass Out']"
"['Dance Pop', 'Solo', '2010', '2010', '123', 'Tinie Tempah', 'Written in the Stars (feat. Eric Turner)']"
"['Dance Pop', 'Band/Group', '2010', '2010', '97', 'Train', 'Hey, Soul Sister']"
"['Dance Pop', 'Solo', '2010', '2010', '87', 'Travie McCoy', 'Billionaire (feat. Bruno Mars)']"
"['Dance Pop', 'Solo', '2010', '2010', '74', 'Trey Songz', 'Bottoms Up (feat. Nicki Minaj)']"
"['Dance Pop', 'Solo', '2009', '2010', '93', 'Trey Songz', 'Say Aah (feat. Fabolous)']"
"['Indie Rock', 'Band/Group', '2010', '2010', '139', 'Two Door Cinema Club', 'What You Know']"
"['Atl Hip Hop', 'Solo', '2010', '2010', '120', 'Usher', ""DJ Got Us Fallin' In Love (feat. Pitbull)""]"
"['Atl Hip Hop', 'Solo', '2010', '2010', '130', 'Usher', 'OMG (feat. will.i.am)']"
"['Atl Hip Hop', 'Solo', '2010', '2010', '96', 'Usher', ""Hey Daddy (Daddy's Home)""]"
"['Atl Hip Hop', 'Solo', '2010', '2010', '131', 'Waka Flocka Flame', 'No Hands (feat. Roscoe Dash & Wale)']"
"['Australian Dance', 'Duo', '2020', '2010', '125', 'Yolanda Be Cool', 'We No Speak Americano (Edit)']"
"['Dance Pop', 'Band/Group', '2009', '2010', '148', 'Young Money', 'BedRock']"
"['British Soul', 'Solo', '2011', '2011', '105', 'Adele', 'Rolling in the Deep']"
"['British Soul', 'Solo', '2011', '2011', '108', 'Adele', 'Set Fire to the Rain']"
"['Dance Pop', 'Solo', '2011', '2011', '127', 'Alexandra Stan', 'Mr. Saxobeat']"
"['Canadian Pop', 'Solo', '2011', '2011', '150', 'Avril Lavigne', 'What the Hell']"
"['Detroit Hip Hop', 'Duo', '2011', '2011', '90', 'Bad Meets Evil', 'Lighters']"
"['Dance Pop', 'Solo', '2011', '2011', '94', 'Beyoncé', 'Love On Top']"
"['Dance Pop', 'Solo', '2011', '2011', '99', 'Beyoncé', 'Best Thing I Never Had']"
"['Pop', 'Solo', '2011', '2011', '166', 'Birdy', 'Skinny Love']"
"['Dance Pop', 'Band/Group', '2010', '2011', '94', 'Black Eyed Peas', 'Just Can’t Get Enough']"
"['Contemporary Country', 'Solo', '2011', '2011', '206', 'Blake Shelton', 'Honey Bee']"
"['Eau Claire Indie', 'Band/Group', '2011', '2011', '148', 'Bon Iver', 'Holocene']"
"['Dance Pop', 'Solo', '2011', '2011', '130', 'Britney Spears', 'I Wanna Go']"
"['Dance Pop', 'Solo', '2011', '2011', '132', 'Britney Spears', 'Till the World Ends']"
"['Dance Pop', 'Solo', '2010', '2011', '110', 'Bruno Mars', 'Grenade']"
"['Dance Pop', 'Solo', '2010', '2011', '145', 'Bruno Mars', 'Marry You']"
"['Dance Pop', 'Solo', '2010', '2011', '175', 'Bruno Mars', 'The Lazy Song']"
"['Dance Pop', 'Solo', '2012', '2011', '128', 'Calvin Harris', 'Bounce (feat. Kelis) - Radio Edit']"
"['Dancefloor Dnb', 'Duo', '2011', '2011', '140', 'Chase & Status', 'Blind Faith']"
"['Grime', 'Solo', '2011', '2011', '190', 'Chip', 'Champion (feat. Chris Brown)']"
"['Dance Pop', 'Solo', '2011', '2011', '146', 'Chris Brown', ""Look At Me Now (feat. Lil' Wayne & Busta Rhymes)""]"
"['Dance Pop', 'Solo', '2011', '2011', '130', 'Chris Brown', 'Yeah 3x']"
"['Dance Pop', 'Solo', '2019', '2011', '128', 'Chris Brown', 'Beautiful People']"
"['Dance Pop', 'Solo', '2011', '2011', '75', 'Christina Perri', 'Jar of Hearts']"
"['Dance Pop', 'Band/Group', '2011', '2011', '132', 'Cobra Starship', 'You Make Me Feel... (feat. Sabi)']"
"['Permanent Wave', 'Band/Group', '2011', '2011', '140', 'Coldplay', 'Paradise']"
"['Permanent Wave', 'Band/Group', '2011', '2011', '118', 'Coldplay', 'Every Teardrop Is a Waterfall']"
"['Big Room', 'Solo', '2011', '2011', '130', 'David Guetta', 'Where Them Girls At (feat. Nicki Minaj & Flo Rida)']"
"['Big Room', 'Solo', '2010', '2011', '128', 'David Guetta', ""Who's That Chick? (feat. Rihanna)""]"
"['Hip Pop', 'Duo', '2010', '2011', '168', 'Diddy - Dirty Money', 'Coming Home']"
"['Dancefloor Dnb', 'Solo', '2012', '2011', '140', 'DJ Fresh', 'Louder']"
"['Dance Pop', 'Solo', '2011', '2011', '149', 'DJ Khaled', ""I'm On One""]"
"['G Funk', 'Solo', '2011', '2011', '156', 'Dr. Dre', 'I Need A Doctor']"
"['Canadian Hip Hop', 'Solo', '2011', '2011', '152', 'Drake', 'Headlines']"
"['Pop', 'Solo', '2011', '2011', '85', 'Ed Sheeran', 'The A Team']"
"['Pop', 'Solo', '2011', '2011', '160', 'Ed Sheeran', 'Lego House']"
"['Romanian House', 'Solo', '2010', '2011', '127', 'Edward Maya', 'Stereo Love - Radio Edit']"
"['Dance Pop', 'Solo', '2010', '2011', '126', 'Enrique Iglesias', ""Tonight (I'm Fuckin' You)""]"
"['Contemporary Country', 'Solo', '2011', '2011', '104', 'Eric Church', 'Springsteen']"
"['Dance Pop', 'Solo', '2011', '2011', '127', 'Example', 'Changed the Way You Kiss Me - Radio Edit']"
"['Asian American Hip Hop', 'Band/Group', '2010', '2011', '96', 'Far East Movement', 'Rocketeer']"
"['Baroque Pop', 'Band/Group', '2011', '2011', '107', 'Florence + The Machine', 'Shake It Out']"
"['Indietronica', 'Band/Group', '2011', '2011', '128', 'Foster The People', 'Pumped Up Kicks']"
"['Indie Pop', 'Band/Group', '2011', '2011', '113', 'Grouplove', 'Tongue Tied']"
"['Dance Pop', 'Band/Group', '2011', '2011', '90', 'Gym Class Heroes', 'Stereo Hearts (feat. Adam Levine)']"
"['Dance Pop', 'Band/Group', '2011', '2011', '100', 'Hot Chelle Rae', 'Tonight Tonight']"
"['Contemporary Country', 'Solo', '2010', '2011', '127', 'Jason Aldean', 'Dirt Road Anthem']"
"['Dance Pop', 'Solo', '2011', '2011', '92', 'Jason Derulo', 'It Girl']"
"['Dance Pop', 'Solo', '2011', '2011', '122', 'Jason Derulo', ""Don't Wanna Go Home""]"
"['Dance Pop', 'Solo', '2011', '2011', '130', 'Jennifer Lopez', 'On The Floor']"
"['Chicago Rap', 'Solo', '2010', '2011', '160', 'Jeremih', 'Down On Me']"
"['Dance Pop', 'Solo', '2011', '2011', '140', 'Jessie J', 'Do It Like A Dude']"
"['Chicago Rap', 'Solo', '2010', '2011', '142', 'Kanye West', 'All Of The Lights']"
"['Dance Pop', 'Solo', '2012', '2011', '126', 'Katy Perry', 'Last Friday Night (T.G.I.F.)']"
"['Dance Pop', 'Solo', '2010', '2011', '124', 'Katy Perry', 'Firework']"
"['Dance Pop', 'Solo', '2012', '2011', '152', 'Katy Perry', 'E.T.']"
"['Atl Hip Hop', 'Solo', '2011', '2011', '141', 'Kelly Rowland', 'Motivation']"
"['Dance Pop', 'Solo', '2010', '2011', '160', 'Keri Hilson', 'Pretty Girl Rock']"
"['Dance Pop', 'Solo', '2010', '2011', '120', 'Kesha', 'We R Who We R']"
"['Dance Pop', 'Solo', '2010', '2011', '120', 'Kesha', 'Blow']"
"['Indie Poptimism', 'Solo', '2012', '2011', '153', 'Labrinth', 'Earthquake (feat. Tinie Tempah)']"
"['Contemporary Country', 'Band/Group', '2011', '2011', '143', 'Lady A', 'Just A Kiss']"
"['Art Pop', 'Solo', '2011', '2011', '124', 'Lady Gaga', 'Born This Way']"
"['Art Pop', 'Solo', '2011', '2011', '128', 'Lady Gaga', 'The Edge Of Glory']"
"['Hip Hop', 'Solo', '2011', '2011', '79', 'Lil Wayne', '6 Foot 7 Foot']"
"['Hip Hop', 'Solo', '2011', '2011', '154', 'Lil Wayne', 'How To Love']"
"['Dance Pop', 'Duo', '2011', '2011', '130', 'LMFAO', 'Party Rock Anthem']"
"['Dance Pop', 'Duo', '2011', '2011', '130', 'LMFAO', 'Sexy And I Know It']"
"['Chicago Rap', 'Solo', '2011', '2011', '143', 'Lupe Fiasco', 'The Show Goes On']"
"['Art Pop', 'Solo', '2021', '2011', '122', 'Lykke Li', 'I Follow Rivers - The Magician Remix']"
"['French Shoegaze', 'Duo', '2011', '2011', '105', 'M83', 'Midnight City']"
"['Hip Hop', 'Solo', '2011', '2011', '163', 'Mac Miller', 'Donald Trump']"
"['Pop Rap', 'Solo', '2011', '2011', '104', 'Mann', 'Buzzin Remix']"
"['Pop', 'Band/Group', '2010', '2011', '128', 'Maroon 5', 'Moves Like Jagger - Studio Recording From ""The Voice"" Performance']"
"['Dance Pop', 'Solo', '2010', '2011', '81', 'Miguel', 'Sure Thing']"
"['Alternative Metal', 'Band/Group', '2011', '2011', '188', 'Nickelback', 'When We Stand Together']"
"['Dance Pop', 'Solo', '2010', '2011', '127', 'Nicki Minaj', 'Super Bass']"
"['Indie Folk', 'Band/Group', '2011', '2011', '82', 'Noah And The Whale', 'L.I.F.E.G.O.E.S.O.N.']"
"['Dance Pop', 'Solo', '2011', '2011', '111', 'Olly Murs', 'Heart Skips a Beat (feat. Rizzle Kicks)']"
"['Dance Pop', 'Band/Group', '2009', '2011', '95', 'OneRepublic', 'Good Life']"
"['Dance Pop', 'Solo', '2010', '2011', '122', 'P!nk', 'Raise Your Glass']"
"['Dance Pop', 'Solo', '2011', '2011', '129', 'Pitbull', 'Give Me Everything (feat. Ne-Yo, Afrojack & Nayer)']"
"['Dance Pop', 'Solo', '2011', '2011', '128', 'Pitbull', 'Hey Baby (Drop It to the Floor) (feat. T-Pain)']"
"['Grime', 'Solo', '2021', '2011', '101', 'Professor Green', 'Read All About It']"
"['Alternative Rock', 'Band/Group', '2011', '2011', '106', 'Red Hot Chili Peppers', 'The Adventures of Rain Dance Maggie']"
"['Barbadian Pop', 'Solo', '2010', '2011', '128', 'Rihanna', 'S&M']"
"['Barbadian Pop', 'Solo', '2011', '2011', '128', 'Rihanna', 'We Found Love']"
"['Barbadian Pop', 'Solo', '2010', '2011', '100', 'Rihanna', ""What's My Name?""]"
"['UK Hip Hop', 'Duo', '2011', '2011', '115', 'Rizzle Kicks', 'Down With The Trumpets']"
"['Electro House', 'Solo', '2011', '2011', '128', 'Sak Noel', 'Loca People - Radio Edit']"
"['Dance Pop', 'Band/Group', '2011', '2011', '117', 'Selena Gomez & The Scene', 'Love You Like A Love Song']"
"['Dance Pop', 'Band/Group', '2011', '2011', '101', 'Selena Gomez & The Scene', 'Who Says']"
"['G Funk', 'Solo', '2011', '2011', '130', 'Snoop Dogg', 'Sweat - Remix']"
"['Dance Pop', 'Band/Group', '2011', '2011', '127', 'Swedish House Mafia', 'Save The World']"
"['Dance Pop', 'Solo', '2011', '2011', '128', 'Taio Cruz', 'Higher']"
"['Contemporary Country', 'Band/Group', '2010', '2011', '131', 'The Band Perry', 'If I Die Young']"
"['Boy Band', 'Band/Group', '2011', '2011', '127', 'The Wanted', 'Glad You Came']"
"['Atl Hip Hop', 'Solo', '2010', '2011', '125', 'Usher', 'More - RedOne Jimmy Joker Remix']"
"['Atl Hip Hop', 'Solo', '2010', '2011', '131', 'Waka Flocka Flame', 'No Hands (feat. Roscoe Dash & Wale)']"
"['Dance Pop', 'Solo', '2011', '2011', '164', 'Wiz Khalifa', 'Black and Yellow']"
"['Dance Pop', 'Solo', '2011', '2011', '125', 'Wiz Khalifa', 'Roll Up']"
"['British Soul', 'Solo', '2012', '2012', '76', 'Adele', 'Skyfall']"
"['British Soul', 'Solo', '2011', '2012', '120', 'Adele', 'Rumour Has It']"
"['Dance Pop', 'Solo', '2013', '2012', '128', 'Alesso', 'Years']"
"['Modern Alternative Rock', 'Solo', '2011', '2012', '126', 'Alex Clare', 'Too Close']"
"['Indie Rock', 'Band/Group', '2012', '2012', '150', 'alt-J', 'Breezeblocks']"
"['Garage Rock', 'Band/Group', '2012', '2012', '97', 'Arctic Monkeys', 'R U Mine?']"
"['Israeli Pop', 'Solo', '2012', '2012', '119', 'Asaf Avidan', 'One Day / Reckoning Song (Wankelmut Remix) - Radio Edit']"
"['Dance Pop', 'Solo', '2011', '2012', '126', 'Avicii', 'Levels - Radio Edit']"
"['Dance Pop', 'Solo', '2012', '2012', '128', 'Avicii', 'Silhouettes - Original Radio Edit']"
"['Dance Pop', 'Solo', '2014', '2012', '126', 'Azealia Banks', '212']"
"['Atl Hip Hop', 'Solo', '2012', '2012', '86', 'B.o.B', 'So Good']"
"['Dance Pop', 'Solo', '2012', '2012', '144', 'Bruno Mars', 'Locked out of Heaven']"
"['Dance Pop', 'Solo', '2011', '2012', '150', 'Bruno Mars', 'It Will Rain']"
"['Dance Pop', 'Solo', '2012', '2012', '128', 'Calvin Harris', 'Feel So Close - Radio Edit']"
"['Dance Pop', 'Solo', '2012', '2012', '128', 'Calvin Harris', ""Let's Go (feat. Ne-Yo)""]"
"['Dance Pop', 'Solo', '2012', '2012', '128', 'Calvin Harris', ""We'll Be Coming Back (feat. Example)""]"
"['Canadian Pop', 'Solo', '2012', '2012', '120', 'Carly Rae Jepsen', 'Call Me Maybe']"
"['Contemporary Country', 'Solo', '2012', '2012', '137', 'Carrie Underwood', 'Blown Away']"
"['Dance Pop', 'Solo', '2012', '2012', '98', 'Cher Lloyd', 'Want U Back']"
"['Dance Pop', 'Solo', '2012', '2012', '130', 'Chris Brown', 'Turn Up the Music']"
"['Permanent Wave', 'Band/Group', '2011', '2012', '140', 'Coldplay', 'Paradise']"
"['Permanent Wave', 'Band/Group', '2011', '2012', '85', 'Coldplay', 'Princess of China']"
"['Big Room', 'Solo', '2011', '2012', '128', 'David Guetta', 'Turn Me On (feat. Nicki Minaj)']"
"['Dance Pop', 'Solo', '2012', '2012', '125', 'DEV', 'In The Dark']"
"['EDM', 'Duo', '2013', '2012', '122', 'Disclosure', 'Latch']"
"['Dancefloor Dnb', 'Solo', '2010', '2012', '175', 'DJ Fresh', 'Hot Right Now - Edit']"
"['Canadian Hip Hop', 'Solo', '2011', '2012', '122', 'Drake', 'Take Care']"
"['Canadian Hip Hop', 'Solo', '2011', '2012', '202', 'Drake', 'The Motto']"
"['Dance Pop', 'Solo', '2010', '2012', '120', 'Ellie Goulding', 'Lights - Single Version']"
"['Dance Pop', 'Solo', '2012', '2012', '128', 'Flo Rida', 'Good Feeling']"
"['Baroque Pop', 'Band/Group', '2012', '2012', '126', 'Florence + The Machine', 'Spectrum (Say My Name) - Calvin Harris Remix']"
"['Alternative R&B', 'Solo', '2012', '2012', '123', 'Frank Ocean', 'Lost']"
"['Alternative R&B', 'Solo', '2012', '2012', '130', 'Frank Ocean', 'Thinkin Bout You']"
"['Baroque Pop', 'Band/Group', '2012', '2012', '184', 'fun.', 'We Are Young (feat. Janelle Monáe)']"
"['Baroque Pop', 'Band/Group', '2012', '2012', '108', 'fun.', 'Some Nights']"
"['Australian Pop', 'Solo', '2011', '2012', '129', 'Gotye', 'Somebody That I Used To Know']"
"['Art Pop', 'Solo', '2012', '2012', '156', 'Grimes', 'Oblivion']"
"['Dance Pop', 'Band/Group', '2011', '2012', '130', 'Gym Class Heroes', 'Ass Back Home (feat. Neon Hitch)']"
"['Candy Pop', 'Duo', '2013', '2012', '126', 'Icona Pop', 'I Love It (feat. Charli XCX)']"
"['Modern Rock', 'Band/Group', '2012', '2012', '105', 'Imagine Dragons', ""It's Time""]"
"['Modern Rock', 'Band/Group', '2012', '2012', '100', 'Imagine Dragons', 'On Top Of The World']"
"['East Coast Hip Hop', 'Solo', '2011', '2012', '140', 'JAY-Z', 'Ni**as In Paris']"
"['Canadian Pop', 'Solo', '2012', '2012', '97', 'Justin Bieber', 'Boyfriend']"
"['Chicago Rap', 'Solo', '2012', '2012', '140', 'Kanye West', 'Mercy']"
"['Dance Pop', 'Duo', '2012', '2012', '120', 'Karmin', 'Brokenhearted']"
"['Dance Pop', 'Solo', '2012', '2012', '134', 'Katy Perry', 'The One That Got Away']"
"['Dance Pop', 'Solo', '2012', '2012', '130', 'Katy Perry', 'Part Of Me']"
"['Conscious Hip Hop', 'Solo', '2012', '2012', '74', 'Kendrick Lamar', 'Swimming Pools (Drank) - Extended Version']"
"['Conscious Hip Hop', 'Solo', '2012', '2012', '91', 'Kendrick Lamar', 'm.A.A.d city']"
"['Dance Pop', 'Solo', '2012', '2012', '128', 'Kesha', 'Die Young']"
"['Dance Pop', 'Solo', '2012', '2012', '126', 'Kesha', ""C'Mon""]"
"['Art Pop', 'Solo', '2012', '2012', '94', 'Lana Del Rey', 'Ride']"
"['Art Pop', 'Solo', '2012', '2012', '122', 'Lana Del Rey', 'Video Games']"
"['Art Pop', 'Solo', '2012', '2012', '86', 'Lana Del Rey', 'Born To Die']"
"['Alternative Metal', 'Band/Group', '2012', '2012', '110', 'Linkin Park', 'BURN IT DOWN']"
"['Dance Pop', 'Duo', '2011', '2012', '130', 'LMFAO', 'Sexy And I Know It']"
"['Chicago Rap', 'Solo', '2012', '2012', '168', 'Lupe Fiasco', 'Battle Scars (with Guy Sebastian)']"
"['Art Pop', 'Solo', '2012', '2012', '128', 'MARINA', 'Primadonna']"
"['Art Pop', 'Solo', '2012', '2012', '140', 'MARINA', 'How to Be a Heartbreaker']"
"['Pop', 'Band/Group', '2012', '2012', '93', 'Maroon 5', 'One More Night']"
"['Pop', 'Band/Group', '2012', '2012', '110', 'Maroon 5', 'Payphone']"
"['Dance Pop', 'Solo', '2012', '2012', '179', 'Miguel', 'Adorn']"
"['Modern Rock', 'Band/Group', '2012', '2012', '180', 'Muse', 'Madness']"
"['Modern Alternative Rock', 'Band/Group', '2012', '2012', '155', 'Neon Trees', 'Everybody Talks']"
"['Dance Pop', 'Solo', '2011', '2012', '125', 'Nicki Minaj', 'Starships']"
"['Dance Pop', 'Solo', '2012', '2012', '125', 'Nicki Minaj', 'Pound The Alarm']"
"['Folk-Pop', 'Band/Group', '2012', '2012', '112', 'Of Monsters and Men', 'Dirty Paws']"
"['Dance Pop', 'Solo', '2012', '2012', '106', 'Olly Murs', 'Troublemaker (feat. Flo Rida)']"
"['Boy Band', 'Band/Group', '2012', '2012', '125', 'One Direction', 'What Makes You Beautiful']"
"['Boy Band', 'Band/Group', '2012', '2012', '126', 'One Direction', ""Live While We're Young""]"
"['EDM', 'Solo', '2012', '2012', '126', 'Otto Knows', 'Million Voices - Radio Edit']"
"['Indietronica', 'Band/Group', '2012', '2012', '126', 'Owl City', 'Good Time']"
"['Dance Pop', 'Solo', '2012', '2012', '114', 'P!nk', 'Blow Me (One Last Kiss)']"
"['Alternative Dance', 'Band/Group', '2012', '2012', '101', 'Passion Pit', 'Take a Walk']"
"['Folk-Pop', 'Solo', '2013', '2012', '118', 'Phillip Phillips', 'Gone, Gone, Gone']"
"['Folk-Pop', 'Solo', '2013', '2012', '121', 'Phillip Phillips', 'Home']"
"['K-Pop', 'Solo', '2012', '2012', '132', 'PSY', 'Gangnam Style (강남스타일)']"
"['Barbadian Pop', 'Solo', '2011', '2012', '128', 'Rihanna', 'We Found Love']"
"['Barbadian Pop', 'Solo', '2011', '2012', '128', 'Rihanna', 'Where Have You Been']"
"['Dance Pop', 'Solo', '2012', '2012', '72', 'Rita Ora', 'R.I.P. (feat. Tinie Tempah)']"
"['UK Hip Hop', 'Duo', '2011', '2012', '98', 'Rizzle Kicks', 'Mama Do The Hump']"
"['Dance Pop', 'Solo', '2012', '2012', '116', 'Robbie Williams', 'Candy']"
"['Dance Pop', 'Band/Group', '2013', '2012', '180', 'Rudimental', 'Feel the Love (feat. John Newman)']"
"['Gangster Rap', 'Solo', '2012', '2012', '128', 'ScHoolboy Q', 'Hands on the Wheel (feat. Asap Rocky)']"
"['Brostep', 'Solo', '2011', '2012', '110', 'Skrillex', 'Bangarang (feat. Sirah)']"
"['G Funk', 'Solo', '2011', '2012', '95', 'Snoop Dogg', 'Young, Wild & Free (feat. Bruno Mars)']"
"['Dance Pop', 'Band/Group', '2012', '2012', '129', 'Swedish House Mafia', ""Don't You Worry Child - Radio Edit""]"
"['Pop', 'Solo', '2012', '2012', '77', 'Taylor Swift', 'I Knew You Were Trouble.']"
"['Pop', 'Solo', '2012', '2012', '86', 'Taylor Swift', 'We Are Never Ever Getting Back Together']"
"['Folk-Pop', 'Band/Group', '2012', '2012', '80', 'The Lumineers', 'Ho Hey']"
"['Boy Band', 'Band/Group', '2012', '2012', '128', 'The Wanted', 'Chasing The Sun']"
"['Downtempo', 'Band/Group', '2012', '2012', '92', 'The xx', 'Angels']"
"['Dance Pop', 'Band/Group', '2012', '2012', '122', 'Train', 'Drive By']"
"['Dance Pop', 'Band/Group', '2012', '2012', '140', 'Train', '50 Ways to Say Goodbye']"
"['Dance Pop', 'Solo', '2012', '2012', '150', 'Trey Songz', 'Heart Attack']"
"['Dance Pop', 'Solo', '2012', '2012', '99', 'Tyga', 'Rack City']"
"['Dance Pop', 'Solo', '2012', '2012', '95', 'Tyga', 'Faded']"
"['Atl Hip Hop', 'Solo', '2012', '2012', '136', 'Usher', 'Climax']"
"['Dance Pop', 'Band/Group', '2012', '2012', '140', 'WALK THE MOON', 'Anna Sun']"
"['Dance Pop', 'Solo', '2012', '2012', '140', 'Wiz Khalifa', 'Work Hard, Play Hard']"
"['Atl Hip Hop', 'Solo', '2013', '2013', '172', '2 Chainz', 'We Own It (Fast & Furious)']"
"['East Coast Hip Hop', 'Solo', '2013', '2013', '96', 'A$AP Rocky', ""F**kin' Problems (feat. Drake, 2 Chainz & Kendrick Lamar)""]"
"['Garage Rock', 'Band/Group', '2013', '2013', '92', 'Arctic Monkeys', ""Why'd You Only Call Me When You're High?""]"
"['Garage Rock', 'Band/Group', '2013', '2013', '85', 'Arctic Monkeys', 'Do I Wanna Know?']"
"['Dance Pop', 'Solo', '2013', '2013', '82', 'Ariana Grande', 'The Way']"
"['Dance Pop', 'Solo', '2013', '2013', '124', 'Avicii', 'Wake Me Up']"
"['Dance Pop', 'Solo', '2012', '2013', '128', 'Avicii', 'I Could Be The One (Avicii Vs. Nicky Romero) - Radio Edit']"
"['Canadian Pop', 'Solo', '2013', '2013', '165', 'Avril Lavigne', ""Here's to Never Growing Up""]"
"['La Indie', 'Band/Group', '2011', '2013', '119', 'AWOLNATION', 'Sail']"
"['Bass Trap', 'Solo', '2013', '2013', '138', 'Baauer', 'Harlem Shake']"
"['Metropopolis', 'Band/Group', '2013', '2013', '127', 'Bastille', 'Pompeii']"
"['Metropopolis', 'Band/Group', '2013', '2013', '125', 'Bastille', 'Of The Night']"
"['Big Room', 'Duo', '2013', '2013', '128', 'Bingo Players', 'Get Up (Rattle)']"
"['Contemporary Country', 'Solo', '2013', '2013', '137', 'Blake Shelton', 'Sure Be Cool If You Did']"
"['Dance Pop', 'Solo', '2012', '2013', '93', 'Bridgit Mendler', 'Ready or Not']"
"['Dance Pop', 'Solo', '2013', '2013', '128', 'Britney Spears', 'Work Bitch']"
"['Dance Pop', 'Solo', '2012', '2013', '144', 'Bruno Mars', 'Locked out of Heaven']"
"['Dance Pop', 'Solo', '2012', '2013', '73', 'Bruno Mars', 'When I Was Your Man']"
"['Dance Pop', 'Solo', '2012', '2013', '116', 'Bruno Mars', 'Treasure']"
"['Dance Pop', 'Solo', '2012', '2013', '128', 'Calvin Harris', 'Sweet Nothing (feat. Florence Welch)']"
"['Dance Pop', 'Solo', '2012', '2013', '125', 'Calvin Harris', 'I Need Your Love (feat. Ellie Goulding)']"
"['Dance Pop', 'Solo', '2012', '2013', '128', 'Calvin Harris', 'Thinking About You (feat. Ayah Marar)']"
"['Dance Pop', 'Solo', '2012', '2013', '128', 'Calvin Harris', 'Drinking from the Bottle (feat. Tinie Tempah)']"
"['Metropopolis', 'Duo', '2013', '2013', '118', 'Capital Cities', 'Safe And Sound']"
"['Atl Hip Hop', 'Solo', '2013', '2013', '166', 'Childish Gambino', '3005']"
"['Dance Pop', 'Solo', '2014', '2013', '104', 'Chris Brown', 'Fine China']"
"['Electropop', 'Band/Group', '2013', '2013', '174', 'CHVRCHES', 'The Mother We Share']"
"['Dance Pop', 'Solo', '2013', '2013', '134', 'Ciara', 'Body Party']"
"['Electro', 'Duo', '2013', '2013', '116', 'Daft Punk', 'Get Lucky (feat. Pharrell Williams & Nile Rodgers) - Radio Edit']"
"['Electro', 'Duo', '2013', '2013', '100', 'Daft Punk', 'Lose Yourself to Dance (feat. Pharrell Williams)']"
"['Big Room', 'Solo', '2011', '2013', '130', 'David Guetta', 'Play Hard (feat. Ne-Yo & Akon)']"
"['Dance Pop', 'Solo', '2013', '2013', '174', 'Demi Lovato', 'Heart Attack']"
"['EDM', 'Duo', '2013', '2013', '120', 'Disclosure', 'White Noise']"
"['Canadian Hip Hop', 'Solo', '2013', '2013', '100', 'Drake', ""Hold On, We're Going Home""]"
"['Canadian Hip Hop', 'Solo', '2013', '2013', '86', 'Drake', 'Started From the Bottom']"
"['Destroy Techno', 'Solo', '2013', '2013', '124', 'Duke Dumont', 'Need U (100%) (feat. A*M*E) - Radio Edit']"
"['Detroit Hip Hop', 'Solo', '2013', '2013', '110', 'Eminem', 'The Monster']"
"['Detroit Hip Hop', 'Solo', '2013', '2013', '95', 'Eminem', 'Berzerk']"
"['Emo', 'Band/Group', '2013', '2013', '152', 'Fall Out Boy', 'My Songs Know What You Did In The Dark (Light Em Up)']"
"['Dance Pop', 'Solo', '2012', '2013', '126', 'Flo Rida', 'I Cry']"
"['Contemporary Country', 'Duo', '2012', '2013', '148', 'Florida Georgia Line', 'Cruise']"
"['Candy Pop', 'Duo', '2013', '2013', '126', 'Icona Pop', 'I Love It (feat. Charli XCX)']"
"['Modern Rock', 'Band/Group', '2012', '2013', '90', 'Imagine Dragons', 'Demons']"
"['Modern Rock', 'Band/Group', '2012', '2013', '136', 'Imagine Dragons', 'Radioactive']"
"['Conscious Hip Hop', 'Solo', '2013', '2013', '100', 'J. Cole', 'Power Trip (feat. Miguel)']"
"['Dance Pop', 'Solo', '2013', '2013', '100', 'Jason Derulo', 'Talk Dirty (feat. 2 Chainz)']"
"['Dance Pop', 'Solo', '2013', '2013', '128', 'Jason Derulo', 'The Other Side']"
"['East Coast Hip Hop', 'Solo', '2013', '2013', '145', 'JAY-Z', 'Holy Grail']"
"['Dance Pop', 'Solo', '2013', '2013', '126', 'John Newman', 'Love Me Again']"
"['Canadian Pop', 'Solo', '2012', '2013', '128', 'Justin Bieber', 'Beauty And A Beat']"
"['Dance Pop', 'Solo', '2013', '2013', '77', 'Justin Timberlake', 'Mirrors']"
"['Dance Pop', 'Solo', '2013', '2013', '102', 'Justin Timberlake', 'Suit & Tie (feat. Jay-Z)']"
"['Chicago Rap', 'Solo', '2013', '2013', '130', 'Kanye West', 'Black Skinhead']"
"['Dance Pop', 'Solo', '2013', '2013', '96', 'Katy Perry', 'This Is How We Do']"
"['Austrian Pop', 'Duo', '2013', '2013', '120', 'Klangkarussell', ""Sonnentanz - Sun Don't Shine""]"
"['Irish Pop', 'Band/Group', '2013', '2013', '187', 'Kodaline', 'All I Want']"
"['Irish Pop', 'Band/Group', '2013', '2013', '77', 'Kodaline', 'High Hopes']"
"['Art Pop', 'Solo', '2013', '2013', '126', 'Lana Del Rey', 'Summertime Sadness (Lana Del Rey Vs. Cedric Gervais) - Cedric Gervais Remix']"
"['Hip Hop', 'Solo', '2013', '2013', '125', 'Lil Wayne', 'Love Me']"
"['Dance Pop', 'Solo', '2014', '2013', '81', 'Lily Allen', 'Somewhere Only We Know']"
"['Art Pop', 'Solo', '2013', '2013', '85', 'Lorde', 'Royals']"
"['Art Pop', 'Solo', '2013', '2013', '100', 'Lorde', 'Team']"
"['Dance Pop', 'Duo', '2012', '2013', '146', 'Macklemore & Ryan Lewis', ""Can't Hold Us (feat. Ray Dalton)""]"
"['Dance Pop', 'Duo', '2012', '2013', '95', 'Macklemore & Ryan Lewis', 'Thrift Shop (feat. Wanz)']"
"['Dance Pop', 'Duo', '2012', '2013', '85', 'Macklemore & Ryan Lewis', 'Same Love (feat. Mary Lambert)']"
"['Pop', 'Band/Group', '2012', '2013', '120', 'Maroon 5', 'Daylight']"
"['Dance Pop', 'Solo', '2016', '2013', '128', 'Martin Garrix', 'Animals - Radio Edit']"
"['Adult Standards', 'Solo', '2013', '2013', '144', 'Michael Bublé', ""It's a Beautiful Day""]"
"['Dance Pop', 'Solo', '2013', '2013', '80', 'Miley Cyrus', ""We Can't Stop""]"
"['Modern Folk Rock', 'Band/Group', '2012', '2013', '131', 'Mumford & Sons', 'I Will Wait']"
"['Tropical House', 'Solo', '2013', '2013', '125', 'Naughty Boy', 'La La La']"
"['Dance Pop', 'Solo', '2013', '2013', '116', 'Nelly', 'Hey Porsche']"
"['Folk-Pop', 'Band/Group', '2012', '2013', '103', 'Of Monsters and Men', 'Little Talks']"
"['Boy Band', 'Band/Group', '2013', '2013', '118', 'One Direction', 'Best Song Ever']"
"['Boy Band', 'Band/Group', '2013', '2013', '162', 'One Direction', 'One Way or Another (Teenage Kicks)']"
"['Dance Pop', 'Solo', '2012', '2013', '192', 'P!nk', 'True Love (feat. Lily Allen)']"
"['Candy Pop', 'Band/Group', '2013', '2013', '136', 'Paramore', 'Still into You']"
"['Candy Pop', 'Band/Group', '2013', '2013', '104', 'Paramore', ""Ain't It Fun""]"
"['Folk-Pop', 'Solo', '2013', '2013', '121', 'Phillip Phillips', 'Home']"
"['Dance Pop', 'Solo', '2012', '2013', '136', 'Pitbull', 'Feel This Moment (feat. Christina Aguilera)']"
"['Dance Pop', 'Solo', '2012', '2013', '127', 'Pitbull', ""Don't Stop the Party (feat. TJR)""]"
"['Contemporary R&B', 'Solo', '2013', '2013', '120', 'Robin Thicke', 'Blurred Lines']"
"['Dance Pop', 'Solo', '2013', '2013', '175', 'Rudimental', 'Waiting All Night (feat. Ella Eyre)']"
"['Dance Pop', 'Solo', '2013', '2013', '128', 'Sebastian Ingrosso', 'Reload - Radio Edit']"
"['Dance Pop', 'Solo', '2013', '2013', '80', 'Selena Gomez', 'Come & Get It']"
"['Deep Disco House', 'Solo', '2013', '2013', '120', 'Storm Queen', 'Look Right Through - MK Vocal Edit']"
"['Belgian Pop', 'Solo', '2013', '2013', '116', 'Stromae', 'Papaoutai']"
"['Pop', 'Solo', '2012', '2013', '77', 'Taylor Swift', 'I Knew You Were Trouble.']"
"['Pop', 'Solo', '2012', '2013', '104', 'Taylor Swift', '22']"
"['Pop', 'Solo', '2012', '2013', '80', 'Taylor Swift', 'Everything Has Changed']"
"['Modern Alternative Rock', 'Band/Group', '2013', '2013', '100', 'The 1975', 'Chocolate']"
"['Folk-Pop', 'Band/Group', '2012', '2013', '80', 'The Lumineers', 'Ho Hey']"
"['Modern Alternative Rock', 'Band/Group', '2013', '2013', '124', 'The Neighbourhood', 'Sweater Weather']"
"['Bubblegum Dance', 'Band/Group', '2013', '2013', '124', 'The Saturdays', 'What About Us']"
"['Chill Pop', 'Solo', '2013', '2013', '123', 'Tom Odell', 'Another Love']"
"['Gangster Rap', 'Solo', '2013', '2013', '114', 'Wale', 'Bad (feat. Rihanna) - Remix']"
"['Dance Pop', 'Solo', '2013', '2013', '130', 'will.i.am', 'Scream & Shout']"
"['Dance Pop', 'Solo', '2013', '2013', '128', 'will.i.am', '#thatPOWER']"
"['Comic', 'Duo', '2013', '2013', '128', 'Ylvis', 'The Fox (What Does the Fox Say?)']"
"['Complextro', 'Solo', '2012', '2013', '128', 'Zedd', 'Clarity']"
"['Boy Band', 'Band/Group', '2014', '2014', '160', '5 Seconds of Summer', 'She Looks So Perfect']"
"['Boy Band', 'Band/Group', '2014', '2014', '102', '5 Seconds of Summer', 'Amnesia']"
"['Dance Pop', 'Solo', '2014', '2014', '126', 'Alesso', 'Heroes (we could be)']"
"['Pop Soul', 'Solo', '2014', '2014', '82', 'Aloe Blacc', 'The Man']"
"['Indie Poptimism', 'Band/Group', '2014', '2014', '100', 'American Authors', 'Best Day Of My Life']"
"['Dance Pop', 'Solo', '2014', '2014', '99', 'Ariana Grande', 'Love Me Harder']"
"['Dance Pop', 'Solo', '2014', '2014', '103', 'Ariana Grande', 'Problem']"
"['Dance Pop', 'Solo', '2014', '2014', '130', 'Ariana Grande', 'Break Free']"
"['Dance Pop', 'Solo', '2013', '2014', '125', 'Avicii', 'Hey Brother']"
"['Dance Pop', 'Solo', '2014', '2014', '120', 'Becky G', 'Shower']"
"['Dance Pop', 'Solo', '2014', '2014', '140', 'Beyoncé', 'Drunk in Love (feat. Jay-Z)']"
"['Nyc Rap', 'Solo', '2014', '2014', '168', 'Bobby Shmurda', 'Hot N*gga']"
"['Dance Pop', 'Solo', '2014', '2014', '128', 'Calvin Harris', 'Summer']"
"['Dance Pop', 'Solo', '2014', '2014', '128', 'Calvin Harris', 'Blame (feat. John Newman)']"
"['Dance Pop', 'Solo', '2014', '2014', '126', 'Calvin Harris', 'Under Control (feat. Hurts)']"
"['Art Pop', 'Solo', '2014', '2014', '92', 'Charli XCX', 'Boom Clap']"
"['Dance Pop', 'Solo', '2014', '2014', '99', 'Chris Brown', 'Loyal (feat. Lil Wayne & Tyga)']"
"['Dance Pop', 'Solo', '2014', '2014', '142', 'Chris Brown', 'New Flame (feat. Usher & Rick Ross)']"
"['Dance Pop', 'Band/Group', '2014', '2014', '121', 'Clean Bandit', 'Rather Be (feat. Jess Glynne)']"
"['Alternative Rock', 'Band/Group', '2014', '2014', '78', 'Cold War Kids', 'First']"
"['Permanent Wave', 'Band/Group', '2014', '2014', '93', 'Coldplay', 'Magic']"
"['Permanent Wave', 'Band/Group', '2014', '2014', '125', 'Coldplay', 'A Sky Full of Stars']"
"['Big Room', 'Solo', '2014', '2014', '128', 'David Guetta', 'Bad (feat. Vassy) - Radio Edit']"
"['Big Room', 'Solo', '2014', '2014', '125', 'David Guetta', 'Lovers on the Sun (feat. Sam Martin)']"
"['EDM', 'Duo', '2013', '2014', '122', 'Disclosure', 'Latch']"
"['Dance Pop', 'Solo', '2013', '2014', '100', 'DJ Snake', 'Turn Down for What']"
"['Dance Pop', 'Solo', '2014', '2014', '196', 'DJ Snake', 'You Know You Like It']"
"['Destroy Techno', 'Solo', '2014', '2014', '121', 'Duke Dumont', 'I Got U']"
"['Dance Pop', 'Band/Group', '2013', '2014', '130', 'Echosmith', 'Cool Kids']"
"['Pop', 'Solo', '2014', '2014', '95', 'Ed Sheeran', ""Don't""]"
"['Pop', 'Solo', '2014', '2014', '120', 'Ed Sheeran', 'Sing']"
"['Dance Pop', 'Band/Group', '2014', '2014', '125', 'G.R.L.', 'Ugly Heart']"
"['Folk-Pop', 'Solo', '2014', '2014', '128', 'George Ezra', 'Budapest']"
"['Folk-Pop', 'Solo', '2014', '2014', '104', 'George Ezra', 'Blame It on Me']"
"['Deep Groove House', 'Duo', '2014', '2014', '122', 'Gorgon City', 'Ready For Your Love']"
"['Australian Hip Hop', 'Solo', '2014', '2014', '95', 'Iggy Azalea', 'Fancy']"
"['Australian Hip Hop', 'Solo', '2014', '2014', '164', 'Iggy Azalea', 'Black Widow']"
"['Dance Pop', 'Solo', '2013', '2014', '100', 'Jason Derulo', 'Talk Dirty (feat. 2 Chainz)']"
"['Dance Pop', 'Solo', '2013', '2014', '82', 'Jason Derulo', 'Wiggle (feat. Snoop Dogg)']"
"['Dance Pop', 'Solo', '2013', '2014', '82', 'Jason Derulo', 'Trumpets']"
"['Chicago Rap', 'Solo', '2015', '2014', '98', 'Jeremih', ""Don't Tell 'Em""]"
"['Dance Pop', 'Solo', '2014', '2014', '150', 'Jessie J', 'Bang Bang']"
"['Neo Soul', 'Solo', '2013', '2014', '120', 'John Legend', 'All of Me']"
"['Dance Pop', 'Solo', '2013', '2014', '86', 'Justin Timberlake', 'Not a Bad Thing']"
"['Dance Pop', 'Solo', '2013', '2014', '132', 'Katy Perry', 'Dark Horse']"
"['Dance Pop', 'Solo', '2014', '2014', '98', 'Kid Ink', 'Show Me (feat. Chris Brown)']"
"['Electropop', 'Solo', '2014', '2014', '123', 'Kiesza', 'Hideaway']"
"['Deep House', 'Duo', '2013', '2014', '125', 'Klingande', 'Jubel - Radio Edit']"
"['Indie Poptimism', 'Solo', '2014', '2014', '117', 'Labrinth', 'Jealous']"
"['French Indie Pop', 'Duo', '2014', '2014', '123', 'Lilly Wood and The Prick', 'Prayer in C - Robin Schulz Radio Edit']"
"['Art Pop', 'Solo', '2013', '2014', '100', 'Lorde', 'Team']"
"['Reggae Fusion', 'Band/Group', '2014', '2014', '144', 'MAGIC!', 'Rude']"
"['Pop', 'Band/Group', '2014', '2014', '120', 'Maroon 5', 'Maps']"
"['Pop', 'Band/Group', '2014', '2014', '190', 'Maroon 5', 'Animals']"
"['Pop', 'Band/Group', '2014', '2014', '120', 'Maroon 5', 'Sugar']"
"['Dance Pop', 'Solo', '2015', '2014', '134', 'Meghan Trainor', 'All About That Bass']"
"['German Pop', 'Band/Group', '2014', '2014', '114', 'Milky Chance', 'Stolen Dance']"
"['Dance Pop', 'Duo', '2012', '2014', '102', 'MKTO', 'Classic']"
"['Dutch Hip Hop', 'Solo', '2014', '2014', '120', 'Mr. Probz', 'Waves - Robin Schulz Radio Edit']"
"['Chicago Rap', 'Solo', '2014', '2014', '105', 'Natalie La Rose', 'Somebody']"
"['Dance Pop', 'Solo', '2015', '2014', '93', 'Nick Jonas', 'Jealous - Remix']"
"['Dance Pop', 'Solo', '2014', '2014', '130', 'Nicki Minaj', 'Anaconda']"
"['Pop Rap', 'Duo', '2014', '2014', '120', 'Nico & Vinz', 'Am I Wrong']"
"['Pop Rap', 'Solo', '2014', '2014', '120', 'O.T. Genasis', 'CoCo']"
"['Dance Pop', 'Solo', '2014', '2014', '125', 'Oliver Heldens', 'Gecko (Overdrive) - Radio Edit']"
"['Dance Pop', 'Solo', '2014', '2014', '122', 'Olly Murs', 'Wrapped Up']"
"['Dance Pop', 'Solo', '2014', '2014', '97', 'Omarion', 'Post to Be (feat. Chris Brown & Jhene Aiko)']"
"['Boy Band', 'Band/Group', '2014', '2014', '120', 'One Direction', 'Night Changes']"
"['Boy Band', 'Band/Group', '2014', '2014', '77', 'One Direction', 'Steal My Girl']"
"['Dance Pop', 'Band/Group', '2014', '2014', '122', 'OneRepublic', 'Counting Stars']"
"['Dance Pop', 'Band/Group', '2014', '2014', '120', 'OneRepublic', 'Love Runs Out']"
"['British Soul', 'Solo', '2014', '2014', '91', 'Paloma Faith', 'Only Love Can Hurt Like This']"
"['Candy Pop', 'Band/Group', '2013', '2014', '104', 'Paramore', ""Ain't It Fun""]"
"['Aussietronica', 'Band/Group', '2014', '2014', '100', 'Peking Duk', 'High (feat. Nicole Millar)']"
"['Pop Rap', 'Solo', '2014', '2014', '160', 'Pharrell Williams', 'Happy - From ""Despicable Me 2""']"
"['Dance Pop', 'Solo', '2012', '2014', '130', 'Pitbull', 'Timber (feat. Ke$ha)']"
"['Pop', 'Duo', '2014', '2014', '174', 'Rixton', 'Me And My Broken Heart']"
"['Deep Groove House', 'Solo', '2014', '2014', '120', 'Route 94', 'My Love (feat. Jess Glynne)']"
"['Dance Pop', 'Solo', '2014', '2014', '84', 'Sam Smith', 'Stay With Me']"
"['Dance Pop', 'Solo', '2014', '2014', '134', 'Sam Smith', 'Money On My Mind']"
"['Gangster Rap', 'Solo', '2014', '2014', '154', 'ScHoolboy Q', 'Collard Greens']"
"['Gangster Rap', 'Solo', '2014', '2014', '112', 'ScHoolboy Q', 'Man Of The Year']"
"['Australian Indie', 'Band/Group', '2015', '2014', '142', 'Sheppard', 'Geronimo']"
"['Australian Dance', 'Solo', '2015', '2014', '117', 'Sia', 'Chandelier']"
"['Australian Dance', 'Solo', '2015', '2014', '130', 'Sia', 'Elastic Heart']"
"['Dance Pop', 'Solo', '2014', '2014', '88', 'Sigma', 'Nobody To Love']"
"['Pop', 'Solo', '2014', '2014', '95', 'Taylor Swift', 'Style']"
"['Pop', 'Solo', '2014', '2014', '170', 'Taylor Swift', 'Bad Blood']"
"['Pop', 'Solo', '2014', '2014', '160', 'Taylor Swift', 'Shake It Off']"
"['Dance Pop', 'Duo', '2014', '2014', '128', 'The Chainsmokers', '#SELFIE']"
"['Celtic Rock', 'Band/Group', '2014', '2014', '167', 'The Script', 'Superheroes']"
"['Big Room', 'Solo', '2014', '2014', '112', 'Tiësto', 'Wasted']"
"['Big Room', 'Solo', '2014', '2014', '125', 'Tiësto', 'Red Lights']"
"['Alternative R&B', 'Solo', '2014', '2014', '101', 'Tinashe', '2 On (feat. ScHoolboy Q)']"
"['Art Pop', 'Solo', '2014', '2014', '110', 'Tove Lo', 'Habits (Stay High)']"
"['Art Pop', 'Solo', '2014', '2014', '120', 'Tove Lo', 'Talking Body']"
"['Dance Pop', 'Solo', '2015', '2014', '97', 'Trey Songz', 'Na Na']"
"['Folk-Pop', 'Solo', '2014', '2014', '102', 'Vance Joy', 'Riptide']"
"['Complextro', 'Solo', '2012', '2014', '128', 'Zedd', 'Stay The Night - Featuring Hayley Williams Of Paramore']"
"['EDM', 'Solo', '2014', '2014', '125', 'ZHU', 'Faded']"
"['Dance Pop', 'Solo', '2015', '2015', '120', 'Adam Lambert', 'Ghost Town']"
"['Canadian Contemporary R&B', 'Solo', '2015', '2015', '120', 'Alessia Cara', 'Here']"
"['Dance Pop', 'Solo', '2014', '2015', '122', 'Andy Grammer', ""Honey, I'm Good.""]"
"['Dance Pop', 'Solo', '2014', '2015', '99', 'Ariana Grande', 'Love Me Harder']"
"['Dance Pop', 'Solo', '2014', '2015', '126', 'Avicii', 'The Nights']"
"['Dance Pop', 'Solo', '2015', '2015', '128', 'Avicii', 'Waiting For Love']"
"['Dance Pop', 'Solo', '2014', '2015', '136', 'Beyoncé', '  7/11']"
"['Detroit Hip Hop', 'Solo', '2015', '2015', '98', 'Big Sean', ""I Don't Fuck With You""]"
"['Modern Rock', 'Solo', '2015', '2015', '120', 'BØRNS', 'Electric Love']"
"['Kentucky Hip Hop', 'Solo', '2015', '2015', '97', 'Bryson Tiller', ""Don't""]"
"['Dance Pop', 'Solo', '2014', '2015', '128', 'Calvin Harris', 'Outside (feat. Ellie Goulding)']"
"['Dance Pop', 'Solo', '2015', '2015', '122', 'Calvin Harris', 'How Deep Is Your Love']"
"['Dance Pop', 'Solo', '2015', '2015', '98', 'Chris Brown', 'Ayo']"
"['Dance Pop', 'Solo', '2015', '2015', '114', 'Demi Lovato', 'Cool for the Summer']"
"['Dance Pop', 'Solo', '2015', '2015', '130', 'Demi Lovato', 'Confident']"
"['Dance Pop', 'Solo', '2017', '2015', '128', 'Deorro', 'Five More Hours']"
"['EDM', 'Duo', '2015', '2015', '106', 'Disclosure', 'Omen - Radio Edit']"
"['Dance Pop', 'Solo', '2014', '2015', '196', 'DJ Snake', 'You Know You Like It']"
"['Canadian Hip Hop', 'Solo', '2016', '2015', '135', 'Drake', 'Hotline Bling']"
"['Canadian Hip Hop', 'Solo', '2015', '2015', '142', 'Drake', 'Jumpman']"
"['Pop', 'Solo', '2014', '2015', '79', 'Ed Sheeran', 'Thinking out Loud']"
"['Dance Pop', 'Solo', '2015', '2015', '190', 'Ellie Goulding', 'Love Me Like You Do - From ""Fifty Shades Of Grey""']"
"['Dance Pop', 'Solo', '2015', '2015', '155', 'Ellie Goulding', 'On My Mind']"
"['Emo', 'Band/Group', '2015', '2015', '176', 'Fall Out Boy', 'Centuries']"
"['New Jersey Rap', 'Solo', '2015', '2015', '190', 'Fetty Wap', '679 (feat. Remy Boyz)']"
"['New Jersey Rap', 'Solo', '2015', '2015', '148', 'Fetty Wap', 'Trap Queen']"
"['New Jersey Rap', 'Solo', '2015', '2015', '128', 'Fetty Wap', 'My Way (feat. Monty)']"
"['Dance Pop', 'Solo', '2015', '2015', '94', 'Flo Rida', 'My House']"
"['Dance Pop', 'Solo', '2015', '2015', '146', 'Flo Rida', 'GDFR (feat. Sage the Gemini & Lookas)']"
"['Indie Rock', 'Band/Group', '2015', '2015', '104', 'Foals', 'Mountain at My Gates']"
"['Dance Pop', 'Duo', '2015', '2015', '126', 'Galantis', 'Runaway (U & I)']"
"['Folk-Pop', 'Solo', '2014', '2015', '94', 'George Ezra', 'Barcelona']"
"['Dance Pop', 'Solo', '2016', '2015', '123', 'Hailee Steinfeld', 'Love Myself']"
"['Irish Singer-Songwriter', 'Solo', '2014', '2015', '129', 'Hozier', 'Take Me to Church']"
"['EDM', 'Duo', '2015', '2015', '139', 'Jack Ü', 'Where Are Ü Now (with Justin Bieber)']"
"['Chicago Rap', 'Solo', '2015', '2015', '79', 'Jeremih', 'oui']"
"['Ghanaian Hip Hop', 'Solo', '2015', '2015', '94', 'Jidenna', 'Classic Man (feat. Roman GianArthur)']"
"['Canadian Pop', 'Solo', '2015', '2015', '125', 'Justin Bieber', 'What Do You Mean?']"
"['Icelandic Indie', 'Band/Group', '2016', '2015', '163', 'KALEO', 'Way down We Go']"
"['Conscious Hip Hop', 'Solo', '2015', '2015', '107', 'Kendrick Lamar', 'King Kunta']"
"['EDM', 'Solo', '2016', '2015', '100', 'Kygo', 'Stole the Show']"
"['EDM', 'Solo', '2015', '2015', '154', 'Kygo', 'Nothing Left (feat. Will Heard)']"
"['Art Pop', 'Solo', '2015', '2015', '132', 'Lana Del Rey', 'High By The Beach']"
"['Electropop', 'Solo', '2016', '2015', '138', 'Låpsley', 'Hurt Me']"
"['Alternative Dance', 'Duo', '2017', '2015', '92', 'Lemaitre', 'Closer']"
"['Indie Pop Rap', 'Solo', '2015', '2015', '82', 'Luke Christopher', 'Lot to Learn']"
"['Dance Pop', 'Trio', '2015', '2015', '98', 'Major Lazer', 'Lean On']"
"['Dance Pop', 'Trio', '2015', '2015', '108', 'Major Lazer', 'Light It Up - Remix']"
"['Dance Pop', 'Solo', '2015', '2015', '115', 'Mark Ronson', 'Uptown Funk (feat. Bruno Mars)']"
"['Dance Pop', 'Solo', '2015', '2015', '125', 'Martin Solveig', 'Intoxicated - Radio Edit']"
"['Hip Hop', 'Solo', '2015', '2015', '78', 'Meek Mill', 'All Eyes on You (feat. Chris Brown & Nicki Minaj)']"
"['Modern Folk Rock', 'Band/Group', '2015', '2015', '114', 'Mumford & Sons', 'Believe']"
"['Chicago Rap', 'Solo', '2014', '2015', '105', 'Natalie La Rose', 'Somebody']"
"['Pop Rap', 'Duo', '2015', '2015', '104', 'Nico & Vinz', ""That's How You Know (feat. Kid Ink & Bebe Rexha)""]"
"['Electropop', 'Duo', '2015', '2015', '142', 'Oh Wonder', 'Drive']"
"['Dance Pop', 'Solo', '2014', '2015', '97', 'Omarion', 'Post to Be (feat. Chris Brown & Jhene Aiko)']"
"['Boy Band', 'Band/Group', '2015', '2015', '138', 'One Direction', 'Drag Me Down']"
"['Boy Band', 'Band/Group', '2015', '2015', '100', 'One Direction', 'Perfect']"
"['New French Touch', 'Solo', '2015', '2015', '91', 'Petit Biscuit', 'Sunset Lover']"
"['Deep Groove House', 'Solo', '2014', '2015', '123', 'Philip George', 'Wish You Were Mine - Radio Edit']"
"['Dance Pop', 'Solo', '2014', '2015', '124', 'Pitbull', 'Time of Our Lives']"
"['Hip Hop', 'Duo', '2015', '2015', '125', 'Rae Sremmurd', 'No Type']"
"['Atl Hip Hop', 'Solo', '2015', '2015', '82', 'Rich Homie Quan', 'Flex (Ooh, Ooh, Ooh)']"
"['Barbadian Pop', 'Solo', '2015', '2015', '206', 'Rihanna', 'FourFiveSeconds']"
"['Barbadian Pop', 'Solo', '2015', '2015', '103', 'Rihanna', 'Bitch Better Have My Money']"
"['San Diego Rap', 'Solo', '2016', '2015', '108', 'Rob $tone', 'Chill Bill (feat. J. Davi$ & Spooks)']"
"['Dance Pop', 'Solo', '2015', '2015', '123', 'Robin Schulz', 'Sugar (feat. Francesco Yates)']"
"['Dance Pop', 'Band/Group', '2015', '2015', '123', 'Rudimental', 'Lay It All on Me (feat. Ed Sheeran)']"
"['Dance Pop', 'Solo', '2014', '2015', '100', 'Sam Smith', 'Like I Can']"
"['Dance Pop', 'Solo', '2015', '2015', '186', 'SAYGRACE', ""You Don't Own Me (feat. G-Eazy)""]"
"['Dance Pop', 'Solo', '2015', '2015', '98', 'Selena Gomez', 'Same Old Love']"
"['Dance Pop', 'Solo', '2015', '2015', '111', 'Selena Gomez', 'Hands To Myself']"
"['Dance Pop', 'Solo', '2015', '2015', '89', 'Selena Gomez', 'Good For You']"
"['Australian Indie', 'Band/Group', '2015', '2015', '142', 'Sheppard', 'Geronimo']"
"['Dance Pop', 'Solo', '2018', '2015', '124', 'Sigala', 'Easy Love']"
"['EDM', 'Duo', '2015', '2015', '95', 'Snakehips', 'All My Friends (feat. Tinashe & Chance the Rapper)']"
"['Australian Psych', 'Band/Group', '2015', '2015', '117', 'Tame Impala', 'The Less I Know The Better']"
"['Pop', 'Solo', '2014', '2015', '96', 'Taylor Swift', 'Blank Space']"
"['Pop', 'Solo', '2014', '2015', '140', 'Taylor Swift', 'Wildest Dreams']"
"['Pop', 'Solo', '2015', '2015', '170', 'Taylor Swift', 'Bad Blood']"
"['Pop', 'Solo', '2014', '2015', '95', 'Taylor Swift', 'Style']"
"['Canadian Indie', 'Band/Group', '2016', '2015', '81', 'The Strumbellas', 'Spirits']"
"['Canadian Contemporary R&B', 'Solo', '2015', '2015', '113', 'The Weeknd', 'The Hills']"
"['Canadian Contemporary R&B', 'Solo', '2015', '2015', '108', 'The Weeknd', ""Can't Feel My Face""]"
"['Canadian Contemporary R&B', 'Solo', '2014', '2015', '120', 'The Weeknd', 'Earned It (Fifty Shades Of Grey) - From The ""Fifty Shades Of Grey"" Soundtrack']"
"['Canadian Contemporary R&B', 'Solo', '2015', '2015', '168', 'The Weeknd', 'In The Night']"
"['Contemporary Country', 'Solo', '2015', '2015', '166', 'Thomas Rhett', 'Die A Happy Man']"
"['Art Pop', 'Solo', '2014', '2015', '120', 'Tove Lo', 'Talking Body']"
"['Hip Hop', 'Solo', '2015', '2015', '131', 'Travis Scott', 'Antidote']"
"['Dance Pop', 'Solo', '2015', '2015', '95', 'Trey Songz', 'Slow Motion']"
"['Dance Pop', 'Solo', '2015', '2015', '97', 'Trey Songz', 'Na Na']"
"['Australian Pop', 'Solo', '2015', '2015', '92', 'Troye Sivan', 'YOUTH']"
"['Modern Rock', 'Duo', '2015', '2015', '170', 'Twenty One Pilots', 'Stressed Out']"
"['Atl Hip Hop', 'Solo', '2014', '2015', '113', 'Usher', ""I Don't Mind (feat. Juicy J)""]"
"['Dance Pop', 'Band/Group', '2014', '2015', '128', 'WALK THE MOON', 'Shut Up and Dance']"
"['Dance Pop', 'Solo', '2015', '2015', '80', 'Wiz Khalifa', 'See You Again (feat. Charlie Puth)']"
"['Modern Alternative Rock', 'Band/Group', '2015', '2015', '90', 'X Ambassadors', 'Renegades']"
"['Modern Alternative Rock', 'Band/Group', '2015', '2015', '117', 'X Ambassadors', 'Unsteady']"
"['Dance Pop', 'Band/Group', '2015', '2015', '120', 'Years & Years', 'King']"
"['Complextro', 'Solo', '2015', '2015', '130', 'Zedd', 'I Want You To Know']"
"['British Soul', 'Solo', '2015', '2016', '144', 'Adele', 'When We Were Young']"
"['British Soul', 'Solo', '2015', '2016', '164', 'Adele', 'Send My Love (To Your New Lover)']"
"['British Soul', 'Solo', '2015', '2016', '79', 'Adele', 'Hello']"
"['Canadian Contemporary R&B', 'Solo', '2015', '2016', '120', 'Alessia Cara', 'Here']"
"['Dance Pop', 'Solo', '2016', '2016', '147', 'Anne-Marie', 'Alarm']"
"['Dance Pop', 'Solo', '2016', '2016', '108', 'Ariana Grande', 'Into You']"
"['Dance Pop', 'Solo', '2016', '2016', '159', 'Ariana Grande', 'Side To Side']"
"['Dance Pop', 'Solo', '2016', '2016', '134', 'Ariana Grande', 'Dangerous Woman']"
"['Alt Z', 'Solo', '2021', '2016', '120', 'Astrid S', 'Hurts So Good']"
"['Metropopolis', 'Band/Group', '2016', '2016', '120', 'Bastille', 'Good Grief']"
"['Dance Pop', 'Solo', '2016', '2016', '130', 'Beyoncé', 'Sorry']"
"['Kentucky Hip Hop', 'Solo', '2015', '2016', '97', 'Bryson Tiller', ""Don't""]"
"['Kentucky Hip Hop', 'Solo', '2015', '2016', '160', 'Bryson Tiller', 'Exchange']"
"['Neo Mellow', 'Solo', '2018', '2016', '113', 'Calum Scott', 'Dancing On My Own']"
"['Dance Pop', 'Solo', '2016', '2016', '124', 'Calvin Harris', 'This Is What You Came For (feat. Rihanna)']"
"['Dance Pop', 'Solo', '2016', '2016', '120', 'Calvin Harris', 'My Way']"
"['Dance Pop', 'Solo', '2016', '2016', '100', 'Charlie Puth', ""We Don't Talk Anymore (feat. Selena Gomez)""]"
"['Dance Pop', 'Solo', '2016', '2016', '91', 'Charlie Puth', 'One Call Away']"
"['Dance Pop', 'Solo', '2016', '2016', '112', 'Charlie Puth', 'Dangerously']"
"['Dance Pop', 'Trio', '2016', '2016', '102', 'Cheat Codes', 'Sex']"
"['Dance Pop', 'Solo', '2015', '2016', '93', 'Chris Brown', 'Back To Sleep']"
"['Dance Pop', 'Band/Group', '2016', '2016', '130', 'Clean Bandit', 'Tears (feat. Louisa Johnson)']"
"['Permanent Wave', 'Band/Group', '2015', '2016', '90', 'Coldplay', 'Hymn for the Weekend']"
"['Permanent Wave', 'Band/Group', '2015', '2016', '112', 'Coldplay', 'Adventure of a Lifetime']"
"['Big Room', 'Solo', '2016', '2016', '110', 'David Guetta', ""This One's for You (feat. Zara Larsson) (Official Song UEFA EURO 2016)""]"
"['Alt Z', 'Solo', '2016', '2016', '182', 'Daya', 'Sit Still, Look Pretty']"
"['Alt Z', 'Solo', '2016', '2016', '95', 'Daya', 'Hide Away']"
"['Dance Pop', 'Solo', '2016', '2016', '100', 'DJ Snake', 'Let Me Love You']"
"['Dance Pop', 'Solo', '2016', '2016', '105', 'DJ Snake', 'Middle']"
"['Dance Pop', 'Band/Group', '2016', '2016', '119', 'DNCE', 'Cake By The Ocean']"
"['Canadian Hip Hop', 'Solo', '2016', '2016', '118', 'Drake', 'Too Good']"
"['Dance Pop', 'Solo', '2017', '2016', '110', 'Dua Lipa', 'Hotter Than Hell']"
"['Dance Pop', 'Solo', '2016', '2016', '91', 'Enrique Iglesias', 'DUELE EL CORAZON (feat. Wisin)']"
"['Dance Pop', 'Band/Group', '2016', '2016', '105', 'Fifth Harmony', 'Work from Home (feat. Ty Dolla $ign)']"
"['Dance Pop', 'Band/Group', '2016', '2016', '95', 'Fifth Harmony', 'All In My Head (Flex) (feat. Fetty Wap)']"
"['Dance Pop', 'Solo', '2015', '2016', '94', 'Flo Rida', 'My House']"
"['Australian Dance', 'Solo', '2016', '2016', '75', 'Flume', 'Say It (feat. Tove Lo)']"
"['Alternative R&B', 'Solo', '2016', '2016', '160', 'Frank Ocean', 'Pink + White']"
"['Atl Hip Hop', 'Solo', '2016', '2016', '144', 'Future', 'Low Life (feat. The Weeknd)']"
"['Dance Pop', 'Duo', '2016', '2016', '126', 'Galantis', 'No Money']"
"['Electropop', 'Solo', '2016', '2016', '93', 'Garrett Nash', ""i hate u, i love u (feat. olivia o'brien)""]"
"['Indie Pop Rap', 'Solo', '2015', '2016', '112', 'G-Eazy', 'Me, Myself & I']"
"['Dance Pop', 'Solo', '2016', '2016', '100', 'Hailee Steinfeld', 'Starving']"
"['Pop', 'Solo', '2016', '2016', '108', 'James Arthur', 'Can I Be Him']"
"['Neo Mellow', 'Solo', '2019', '2016', '126', 'James TW', 'When You Love Someone']"
"['Neo Soul', 'Solo', '2016', '2016', '123', 'John Legend', 'Love Me Now']"
"['Dance Pop', 'Solo', '2018', '2016', '118', 'Jonas Blue', 'Perfect Strangers']"
"['Dance Pop', 'Solo', '2018', '2016', '114', 'Jonas Blue', 'Fast Car']"
"['Canadian Pop', 'Solo', '2015', '2016', '100', 'Justin Bieber', 'Love Yourself']"
"['Canadian Pop', 'Solo', '2015', '2016', '100', 'Justin Bieber', 'Sorry']"
"['Dance Pop', 'Solo', '2016', '2016', '113', 'Justin Timberlake', 'CAN\'T STOP THE FEELING! (from DreamWorks Animation\'s ""TROLLS"")']"
"['Alt Z', 'Solo', '2020', '2016', '113', 'Kiiara', 'Gold']"
"['EDM', 'Solo', '2016', '2016', '100', 'Kygo', 'Stole the Show']"
"['EDM', 'Solo', '2015', '2016', '103', 'Kygo', 'Stay (feat. Maty Noyes)']"
"['Hip Hop', 'Solo', '2016', '2016', '169', 'Lil Wayne', 'Sucker for Pain (with Wiz Khalifa, Imagine Dragons, Logic & Ty Dolla $ign feat. X Ambassadors)']"
"['Dance Pop', 'Band/Group', '2016', '2016', '126', 'Little Mix', 'Shout Out to My Ex']"
"['Danish Pop', 'Band/Group', '2016', '2016', '120', 'Lukas Graham', '7 Years']"
"['Indie Pop', 'Solo', '2019', '2016', '104', 'Maggie Rogers', 'Alaska']"
"['Dance Pop', 'Trio', '2016', '2016', '93', 'Major Lazer', 'Cold Water']"
"['Pop', 'Solo', '2017', '2016', '84', 'Marc E. Bassy', 'You & Me']"
"['Brostep', 'Solo', '2016', '2016', '142', 'Marshmello', 'Alone']"
"['Dance Pop', 'Solo', '2016', '2016', '134', 'Martin Garrix', 'In the Name of Love']"
"['Dance Pop', 'Solo', '2017', '2016', '92', 'Meghan Trainor', 'NO']"
"['Dance Pop', 'Solo', '2016', '2016', '90', 'Mike Perry', 'The Ocean (feat. Shy Martin)']"
"['Dance Pop', 'Solo', '2016', '2016', '102', 'Mike Posner', 'I Took A Pill In Ibiza - Seeb Remix']"
"['Art Pop', 'Solo', '2016', '2016', '105', 'MØ', 'Final Song']"
"['Dance Pop', 'Solo', '2016', '2016', '112', 'Niall Horan', 'This Town']"
"['Dance Pop', 'Solo', '2016', '2016', '124', 'Nick Jonas', 'Close']"
"['Alt Z', 'Solo', '2016', '2016', '101', 'Olivia Holt', 'History']"
"['Boy Band', 'Band/Group', '2015', '2016', '87', 'One Direction', 'History']"
"['Dance Pop', 'Band/Group', '2016', '2016', '100', 'OneRepublic', 'Wherever I Go']"
"['Dance Pop', 'Solo', '2016', '2016', '163', 'P!nk', 'Just Like Fire (From the Original Motion Picture ""Alice Through The Looking Glass"")']"
"['Pop', 'Solo', '2016', '2016', '128', 'PARTYNEXTDOOR', 'Not Nice']"
"['Barbadian Pop', 'Solo', '2016', '2016', '111', 'Rihanna', 'Needed Me']"
"['Barbadian Pop', 'Solo', '2016', '2016', '92', 'Rihanna', 'Work']"
"['Alt Z', 'Solo', '2015', '2016', '124', 'Ruth B.', 'Lost Boy']"
"['Dance Pop', 'Solo', '2016', '2016', '186', 'SAYGRACE', ""You Don't Own Me (feat. G-Eazy)""]"
"['Dance Pop', 'Solo', '2015', '2016', '98', 'Selena Gomez', 'Same Old Love']"
"['Dance Pop', 'Solo', '2015', '2016', '111', 'Selena Gomez', 'Hands To Myself']"
"['Canadian Pop', 'Solo', '2017', '2016', '83', 'Shawn Mendes', 'Treat You Better']"
"['Canadian Pop', 'Solo', '2015', '2016', '114', 'Shawn Mendes', 'I Know What You Did Last Summer']"
"['Australian Dance', 'Solo', '2016', '2016', '192', 'Sia', 'The Greatest (feat. Kendrick Lamar)']"
"['Australian Dance', 'Solo', '2016', '2016', '90', 'Sia', 'Cheap Thrills (feat. Sean Paul)']"
"['Dance Pop', 'Solo', '2018', '2016', '125', 'Sigala', ""Sweet Lovin' - Radio Edit""]"
"['EDM', 'Duo', '2015', '2016', '95', 'Snakehips', 'All My Friends (feat. Tinashe & Chance the Rapper)']"
"['Dance Pop', 'Solo', '2018', '2016', '115', 'Steve Aoki', 'Just Hold On']"
"['Modern Alternative Rock', 'Band/Group', '2016', '2016', '101', 'The 1975', 'Somebody Else']"
"['Modern Alternative Rock', 'Band/Group', '2016', '2016', '121', 'The 1975', 'The Sound']"
"['Dance Pop', 'Duo', '2016', '2016', '95', 'The Chainsmokers', 'Closer']"
"['Dance Pop', 'Duo', '2016', '2016', '160', 'The Chainsmokers', ""Don't Let Me Down""]"
"['Dance Pop', 'Duo', '2015', '2016', '100', 'The Chainsmokers', 'Roses']"
"['Folk-Pop', 'Band/Group', '2016', '2016', '76', 'The Lumineers', 'Ophelia']"
"['Canadian Contemporary R&B', 'Solo', '2016', '2016', '186', 'The Weeknd', 'Starboy']"
"['Dance Pop', 'Duo', '2016', '2016', '105', 'Timeflies', 'Once In a While']"
"['Dance Pop', 'Solo', '2016', '2016', '120', 'Tinie Tempah', 'Girls Like (feat. Zara Larsson)']"
"['Art Pop', 'Solo', '2016', '2016', '102', 'Tove Lo', 'Cool Girl']"
"['Modern Alternative Rock', 'Band/Group', '2015', '2016', '90', 'X Ambassadors', 'Renegades']"
"['Modern Alternative Rock', 'Band/Group', '2015', '2016', '117', 'X Ambassadors', 'Unsteady']"
"['Dance Pop', 'Solo', '2017', '2016', '146', 'Zara Larsson', 'Never Forget You']"
"['Dance Pop', 'Solo', '2016', '2016', '125', 'ZAYN', 'PILLOWTALK']"
"['Atl Hip Hop', 'Solo', '2017', '2017', '73', '2 Chainz', ""It's A Vibe""]"
"['Atl Hip Hop', 'Solo', '2017', '2017', '75', '21 Savage', 'Bank Account']"
"['Melodic Rap', 'Solo', '2017', '2017', '129', 'A Boogie Wit da Hoodie', 'Drowning (feat. Kodak Black)']"
"['Gangster Rap', 'Solo', '2017', '2017', '170', 'A$AP Ferg', 'Plain Jane']"
"['Modern Rock', 'Trio', '2017', '2017', '124', 'AJR', 'Weak']"
"['Hip Hop', 'Solo', '2017', '2017', '120', 'Aminé', 'Caroline']"
"['Dance Pop', 'Duo', '2017', '2017', '123', 'Axwell /\\ Ingrosso', 'More Than You Know']"
"['Social Media Pop', 'Duo', '2017', '2017', '145', 'Ayo & Teo', 'Rolex']"
"['Detroit Hip Hop', 'Solo', '2017', '2017', '82', 'Big Sean', 'Bounce Back']"
"['London Rap', 'Solo', '2017', '2017', '135', 'Big Shaq', ""Man's Not Hot""]"
"['Art Pop', 'Solo', '2017', '2017', '120', 'Billie Eilish', 'Bored']"
"['Electropop', 'Solo', '2017', '2017', '111', 'blackbear', 'do re mi']"
"['Dance Pop', 'Solo', '2016', '2017', '134', 'Bruno Mars', ""That's What I Like""]"
"['Dance Pop', 'Solo', '2016', '2017', '107', 'Bruno Mars', '24K Magic']"
"['Dance Pop', 'Solo', '2017', '2017', '101', 'Calvin Harris', 'Feels (feat. Pharrell Williams, Katy Perry & Big Sean)']"
"['Dance Pop', 'Solo', '2017', '2017', '104', 'Calvin Harris', 'Slide (feat. Frank Ocean & Migos)']"
"['Dance Pop', 'Solo', '2018', '2017', '105', 'Camila Cabello', 'Havana (feat. Young Thug)']"
"['Dance Pop', 'Solo', '2018', '2017', '125', 'Cardi B', 'Bodak Yellow']"
"['Dance Pop', 'Trio', '2017', '2017', '113', 'Cheat Codes', 'No Promises (feat. Demi Lovato)']"
"['Atl Hip Hop', 'Solo', '2016', '2017', '160', 'Childish Gambino', 'Redbone']"
"['Dance Pop', 'Band/Group', '2016', '2017', '102', 'Clean Bandit', 'Rockabye (feat. Sean Paul & Anne-Marie)']"
"['Dance Pop', 'Solo', '2017', '2017', '144', 'Demi Lovato', 'Sorry Not Sorry']"
"['Dance Pop', 'Solo', '2017', '2017', '81', 'DJ Khaled', ""I'm the One (feat. Justin Bieber, Quavo, Chance the Rapper & Lil Wayne)""]"
"['Dance Pop', 'Solo', '2017', '2017', '98', 'DJ Khaled', 'Wild Thoughts (feat. Rihanna & Bryson Tiller)']"
"['Canadian Hip Hop', 'Solo', '2017', '2017', '112', 'Drake', 'Passionfruit']"
"['Canadian Hip Hop', 'Solo', '2017', '2017', '134', 'Drake', 'Fake Love']"
"['Pop', 'Solo', '2017', '2017', '95', 'Ed Sheeran', 'Perfect']"
"['Pop', 'Solo', '2017', '2017', '96', 'Ed Sheeran', 'Shape of You']"
"['Indietronica', 'Band/Group', '2017', '2017', '97', 'Foster The People', 'Sit Next to Me']"
"['Gangster Rap', 'Solo', '2017', '2017', '98', 'French Montana', 'Unforgettable']"
"['Atl Hip Hop', 'Solo', '2017', '2017', '150', 'Future', 'Mask Off']"
"['Indie Pop Rap', 'Solo', '2017', '2017', '88', 'G-Eazy', 'Him & I (with Halsey)']"
"['Indie Pop Rap', 'Solo', '2017', '2017', '176', 'G-Eazy', 'No Limit']"
"['Dance Pop', 'Solo', '2017', '2017', '103', 'Hailee Steinfeld', 'Most Girls']"
"['Dance Pop', 'Solo', '2017', '2017', '110', 'Halsey', 'Now Or Never']"
"['Aussietronica', 'Solo', '2019', '2017', '148', 'Hayden James', 'NUMB']"
"['Modern Rock', 'Band/Group', '2017', '2017', '125', 'Imagine Dragons', 'Believer']"
"['Modern Rock', 'Band/Group', '2017', '2017', '168', 'Imagine Dragons', 'Thunder']"
"['Modern Rock', 'Band/Group', '2017', '2017', '135', 'Imagine Dragons', 'Whatever It Takes']"
"['Conscious Hip Hop', 'Solo', '2017', '2017', '150', 'Kendrick Lamar', 'HUMBLE.']"
"['Conscious Hip Hop', 'Solo', '2017', '2017', '126', 'Kendrick Lamar', 'LOVE. FEAT. ZACARI.']"
"['Conscious Hip Hop', 'Solo', '2017', '2017', '140', 'Kendrick Lamar', 'DNA.']"
"['Conscious Hip Hop', 'Solo', '2017', '2017', '190', 'Kendrick Lamar', 'ELEMENT.']"
"['Pop', 'Solo', '2017', '2017', '137', 'Khalid', 'Young Dumb & Broke']"
"['Pop', 'Solo', '2017', '2017', '80', 'Khalid', 'Location']"
"['Florida Rap', 'Solo', '2017', '2017', '172', 'Kodak Black', 'Tunnel Vision']"
"['Pop', 'Solo', '2016', '2017', '75', 'KYLE', 'iSpy (feat. Lil Yachty)']"
"['Art Pop', 'Solo', '2017', '2017', '100', 'Lana Del Rey', 'Lust For Life (with The Weeknd)']"
"['Dance Pop', 'Solo', '2019', '2017', '106', 'Liam Payne', 'Strip That Down (feat. Quavo)']"
"['Emo Rap', 'Solo', '2017', '2017', '106', 'Lil Peep', 'Save That Shit']"
"['Emo Rap', 'Solo', '2017', '2017', '120', 'Lil Pump', 'Gucci Gang']"
"['Melodic Rap', 'Solo', '2017', '2017', '155', 'Lil Uzi Vert', 'XO Tour Llif3']"
"['Dance Pop', 'Band/Group', '2016', '2017', '102', 'Little Mix', 'Touch (feat. Kid Ink)']"
"['Conscious Hip Hop', 'Solo', '2017', '2017', '100', 'Logic', '1-800-273-8255']"
"['Art Pop', 'Solo', '2017', '2017', '76', 'Lorde', 'Liability']"
"['Art Pop', 'Solo', '2017', '2017', '129', 'Lorde', 'Green Light']"
"['Art Pop', 'Solo', '2017', '2017', '107', 'Lorde', 'Homemade Dynamite (Feat. Khalid, Post Malone & SZA) - REMIX']"
"['Indie Poptimism', 'Band/Group', '2018', '2017', '123', 'lovelytheband', 'broken']"
"['Latin', 'Solo', '2019', '2017', '178', 'Luis Fonsi', 'Despacito']"
"['Ohio Hip Hop', 'Solo', '2017', '2017', '138', 'Machine Gun Kelly', 'Bad Things (with Camila Cabello)']"
"['Pop Rap', 'Solo', '2017', '2017', '140', 'Macklemore', 'Glorious (feat. Skylar Grey)']"
"['Pop', 'Band/Group', '2018', '2017', '100', 'Maroon 5', 'Cold (feat. Future)']"
"['Pop', 'Band/Group', '2018', '2017', '100', 'Maroon 5', ""Don't Wanna Know (feat. Kendrick Lamar)""]"
"['Alternative Dance', 'Band/Group', '2018', '2017', '98', 'MGMT', 'Little Dark Age']"
"['Atl Hip Hop', 'Trio', '2017', '2017', '127', 'Migos', 'Bad and Boujee (feat. Lil Uzi Vert)']"
"['Atl Hip Hop', 'Trio', '2017', '2017', '142', 'Migos', 'Slippery (feat. Gucci Mane)']"
"['Atl Hip Hop', 'Trio', '2017', '2017', '139', 'Migos', 'T-Shirt']"
"['Dance Pop', 'Solo', '2017', '2017', '146', 'Miguel', 'Sky Walker (feat. Travis Scott)']"
"['Dance Pop', 'Solo', '2017', '2017', '140', 'Miley Cyrus', 'Malibu']"
"['Art Pop', 'Solo', '2017', '2017', '120', 'MØ', 'Nights With You']"
"['Dance Pop', 'Solo', '2017', '2017', '86', 'Niall Horan', 'Slow Hands']"
"['Atl Hip Hop', 'Solo', '2017', '2017', '163', 'Playboi Carti', 'Magnolia']"
"['Alternative Dance', 'Trio', '2017', '2017', '120', 'PNAU', 'Chameleon']"
"['Indie Rock', 'Band/Group', '2017', '2017', '79', 'Portugal. The Man', 'Feel It Still']"
"['DFW Rap', 'Solo', '2016', '2017', '123', 'Post Malone', 'Congratulations']"
"['DFW Rap', 'Solo', '2016', '2017', '144', 'Post Malone', 'I Fall Apart']"
"['Hip Hop', 'Duo', '2016', '2017', '140', 'Rae Sremmurd', 'Swang']"
"['Hip Hop', 'Duo', '2016', '2017', '146', 'Rae Sremmurd', 'Black Beatles']"
"['San Diego Rap', 'Solo', '2016', '2017', '108', 'Rob $tone', 'Chill Bill (feat. J. Davi$ & Spooks)']"
"['Hawaiian Hip Hop', 'Solo', '2017', '2017', '97', 'Russ', 'Losin Control']"
"['Dance Pop', 'Solo', '2017', '2017', '92', 'Sam Smith', 'Too Good At Goodbyes']"
"['Dance Pop', 'Solo', '2018', '2017', '102', 'Sean Paul', 'No Lie']"
"['Dance Pop', 'Solo', '2017', '2017', '123', 'Selena Gomez', 'Fetish (feat. Gucci Mane)']"
"['Alternative R&B', 'Solo', '2016', '2017', '146', 'Shelley FKA DRAM', 'Broccoli']"
"['EDM', 'Duo', '2017', '2017', '122', 'Snakehips', ""Don't Leave""]"
"['Pop', 'Solo', '2017', '2017', '135', 'SZA', 'Love Galore (feat. Travis Scott)']"
"['Pop', 'Solo', '2017', '2017', '128', 'Taylor Swift', 'Look What You Made Me Do']"
"['Pop', 'Solo', '2017', '2017', '160', 'Taylor Swift', '...Ready For It?']"
"['Dance Pop', 'Duo', '2017', '2017', '103', 'The Chainsmokers', 'Something Just Like This']"
"['Dance Pop', 'Duo', '2017', '2017', '100', 'The Chainsmokers', 'Paris']"
"['Boy Band', 'Duo', '2017', '2017', '145', 'The Vamps', 'All Night']"
"['Boy Band', 'Duo', '2017', '2017', '130', 'The Vamps', 'Middle Of The Night']"
"['Canadian Contemporary R&B', 'Solo', '2016', '2017', '93', 'The Weeknd', 'I Feel It Coming']"
"['Hip Hop', 'Solo', '2016', '2017', '130', 'Travis Scott', 'goosebumps']"
"['Hip Hop', 'Solo', '2018', '2017', '141', 'Travis Scott', 'BUTTERFLY EFFECT']"
"['Emo Rap', 'Solo', '2017', '2017', '134', 'XXXTENTACION', 'Jocelyn Flores']"
"['Dirty South Rap', 'Solo', '2017', '2017', '150', 'Yo Gotti', 'Rake It Up (feat. Nicki Minaj)']"
"['Dance Pop', 'Solo', '2017', '2017', '121', 'Zara Larsson', 'I Would Like']"
"['Hip Hop', 'Solo', '2016', '2017', '161', 'Zay Hilfigerrr', 'Juju on That Beat (TZ Anthem)']"
"['Complextro', 'Solo', '2017', '2017', '102', 'Zedd', 'Stay']"
"['Boy Band', 'Band/Group', '2018', '2018', '120', '5 Seconds of Summer', 'Youngblood']"
"['Emo Rap', 'Solo', '2018', '2018', '126', '6ix9ine', 'FEFE']"
"['Emo Rap', 'Solo', '2018', '2018', '157', '6ix9ine', 'GUMMO']"
"['Dance Pop', 'Solo', '2018', '2018', '145', 'Ariana Grande', 'God is a woman']"
"['Dance Pop', 'Solo', '2018', '2018', '122', 'Ariana Grande', 'no tears left to cry']"
"['Afroswing', 'Solo', '2018', '2018', '96', 'B Young', 'Jumanji']"
"['Basshall', 'Duo', '2018', '2018', '113', 'Banx & Ranx', 'Answerphone (feat. Yxng Bane)']"
"['Dance Pop', 'Solo', '2018', '2018', '143', 'Bazzi', 'Mine']"
"['Electropop', 'Solo', '2018', '2018', '89', 'benny blanco', 'Eastside (with Halsey & Khalid)']"
"['Art Pop', 'Solo', '2018', '2018', '115', 'Billie Eilish', 'lovely (with Khalid)']"
"['Memphis Hip Hop', 'Solo', '2018', '2018', '140', 'BlocBoy JB', 'Look Alive (feat. Drake)']"
"['Dance Pop', 'Solo', '2017', '2018', '105', 'Bruno Mars', 'Finesse - Remix; feat. Cardi B']"
"['Dance Pop', 'Solo', '2018', '2018', '124', 'Calvin Harris', 'One Kiss (with Dua Lipa)']"
"['Dance Pop', 'Solo', '2018', '2018', '130', 'Camila Cabello', 'Never Be the Same']"
"['Dance Pop', 'Solo', '2018', '2018', '136', 'Cardi B', 'I Like It']"
"['Dance Pop', 'Solo', '2018', '2018', '125', 'Cardi B', 'Bodak Yellow']"
"['Dance Pop', 'Solo', '2018', '2018', '152', 'Cardi B', 'Be Careful']"
"['Dance Pop', 'Solo', '2018', '2018', '100', 'Cashmere Cat', 'Miss You (with Major Lazer & Tory Lanez)']"
"['Dance Pop', 'Solo', '2018', '2018', '110', 'Charlie Puth', 'How Long']"
"['Dance Pop', 'Solo', '2018', '2018', '112', 'Charlie Puth', 'Done for Me (feat. Kehlani)']"
"['Dance Pop', 'Solo', '2018', '2018', '115', 'Charlie Puth', 'The Way I Am']"
"['Atl Hip Hop', 'Solo', '2018', '2018', '120', 'Childish Gambino', 'This Is America']"
"['Contemporary Country', 'Duo', '2018', '2018', '86', 'Dan + Shay', 'Tequila']"
"['Israeli Pop', 'Solo', '2017', '2018', '100', 'Dennis Lloyd', 'Nevermind']"
"['Dance Pop', 'Solo', '2018', '2018', '136', 'DJ Khaled', 'No Brainer']"
"['Canadian Hip Hop', 'Solo', '2018', '2018', '77', 'Drake', ""God's Plan""]"
"['Canadian Hip Hop', 'Solo', '2018', '2018', '155', 'Drake', 'Nonstop']"
"['Canadian Hip Hop', 'Solo', '2018', '2018', '93', 'Drake', 'Nice For What']"
"['Canadian Hip Hop', 'Solo', '2018', '2018', '91', 'Drake', 'In My Feelings']"
"['Canadian Hip Hop', 'Solo', '2018', '2018', '150', 'Drake', ""I'm Upset""]"
"['Dance Pop', 'Solo', '2017', '2018', '97', 'Dua Lipa', 'IDGAF']"
"['EDM', 'Solo', '2018', '2018', '126', 'Dynoro', 'In My Mind']"
"['Dance Pop', 'Solo', '2018', '2018', '80', 'Ella Mai', 'Trip']"
"['Dance Pop', 'Solo', '2017', '2018', '82', 'Ella Mai', ""Boo'd Up""]"
"['Detroit Hip Hop', 'Solo', '2017', '2018', '90', 'Eminem', 'River (feat. Ed Sheeran)']"
"['Afroswing', 'Solo', '2018', '2018', '103', 'EO', 'German']"
"['Alt Z', 'Solo', '2018', '2018', '128', 'FINNEAS', ""Let's Fall in Love for the Night""]"
"['Contemporary Country', 'Duo', '2019', '2018', '200', 'Florida Georgia Line', 'Simple']"
"['Indie Pop Rap', 'Solo', '2017', '2018', '88', 'G-Eazy', 'Him & I (with Halsey)']"
"['Folk-Pop', 'Solo', '2018', '2018', '116', 'George Ezra', 'Shotgun']"
"['Folk-Pop', 'Solo', '2018', '2018', '138', 'George Ezra', 'Paradise']"
"['Bedroom Pop', 'Solo', '2018', '2018', '130', 'girl in red', 'we fell in love in october']"
"['Dance Pop', 'Solo', '2017', '2018', '103', 'Hailee Steinfeld', 'Let Me Go (with Alesso, Florida Georgia Line & watt)']"
"['Dance Pop', 'Solo', '2017', '2018', '118', 'Halsey', 'Bad At Love']"
"['Hollywood', 'Band/Group', '2017', '2018', '158', 'Hugh Jackman', 'The Greatest Show']"
"['Modern Rock', 'Band/Group', '2018', '2018', '100', 'Imagine Dragons', 'Natural']"
"['Afrofuturism', 'Solo', '2018', '2018', '115', 'Janelle Monáe', 'Make Me Feel']"
"['Contemporary Country', 'Solo', '2018', '2018', '132', 'Jason Aldean', 'You Make It Easy']"
"['Conscious Hip Hop', 'Solo', '2018', '2018', '137', 'Jay Rock', ""King's Dead (with Kendrick Lamar, Future & James Blake)""]"
"['Dance Pop', 'Solo', '2018', '2018', '106', 'Jonas Blue', 'Rise']"
"['Chicago Rap', 'Solo', '2018', '2018', '84', 'Juice WRLD', 'Lucid Dreams']"
"['Conscious Hip Hop', 'Solo', '2017', '2018', '126', 'Kendrick Lamar', 'LOVE. FEAT. ZACARI.']"
"['Conscious Hip Hop', 'Solo', '2018', '2018', '97', 'Kendrick Lamar', 'All The Stars (with SZA)']"
"['Pop', 'Solo', '2018', '2018', '144', 'Khalid', 'Love Lies (with Normani)']"
"['Alt Z', 'Solo', '2018', '2018', '72', 'King Princess', '1950']"
"['Dance Pop', 'Solo', '2018', '2018', '92', 'Lauv', 'I Like Me Better']"
"['Atl Hip Hop', 'Solo', '2018', '2018', '120', 'Lil Baby', 'Yes Indeed']"
"['Comedy Rap', 'Solo', '2018', '2018', '133', 'Lil Dicky', 'Freaky Friday (feat. Chris Brown)']"
"['Conscious Hip Hop', 'Solo', '2018', '2018', '150', 'Logic', 'Everyday']"
"['Dance Pop', 'Duo', '2017', '2018', '122', 'Loud Luxury', 'Body']"
"['Afroswing', 'Band/Group', '2018', '2018', '110', 'M.O', 'Bad Vibe']"
"['Ohio Hip Hop', 'Solo', '2017', '2018', '82', 'Machine Gun Kelly', 'Home (with Machine Gun Kelly, X Ambassadors & Bebe Rexha)']"
"['Latin', 'Solo', '2018', '2018', '198', 'Maluma', 'Corazón (feat. Nego do Borel)']"
"['Pop', 'Band/Group', '2018', '2018', '126', 'Maroon 5', 'Wait']"
"['Brostep', 'Solo', '2018', '2018', '100', 'Marshmello', 'Happier']"
"['Brostep', 'Solo', '2017', '2018', '142', 'Marshmello', 'Silence']"
"['Brostep', 'Solo', '2018', '2018', '95', 'Marshmello', 'FRIENDS']"
"['Brostep', 'Solo', '2018', '2018', '150', 'Marshmello', 'Spotlight']"
"['Atl Hip Hop', 'Trio', '2018', '2018', '146', 'Migos', 'Walk It Talk It']"
"['Atl Hip Hop', 'Trio', '2018', '2018', '138', 'Migos', 'MotorSport']"
"['Atl Hip Hop', 'Trio', '2018', '2018', '182', 'Migos', 'Stir Fry']"
"['Dance Pop', 'Solo', '2017', '2018', '122', 'MK', '17']"
"['Hip Hop', 'Solo', '2017', '2018', '148', 'NF', 'Let You Down']"
"['Latin', 'Solo', '2018', '2018', '97', 'Nio Garcia', 'Te Boté - Remix']"
"['Atl Hip Hop', 'Solo', '2017', '2018', '100', 'Offset', 'Ric Flair Drip (with Metro Boomin)']"
"['Latin', 'Solo', '2018', '2018', '94', 'Ozuna', 'Vaina Loca']"
"['Colombian Pop', 'Band/Group', '2018', '2018', '170', 'Piso 21', 'Déjala Que Vuelva (feat. Manuel Turizo)']"
"['DFW Rap', 'Solo', '2018', '2018', '160', 'Post Malone', 'rockstar (feat. 21 Savage)']"
"['DFW Rap', 'Solo', '2018', '2018', '145', 'Post Malone', 'Better Now']"
"['DFW Rap', 'Solo', '2018', '2018', '140', 'Post Malone', 'Psycho (feat. Ty Dolla $ign)']"
"['Hip Hop', 'Duo', '2018', '2018', '174', 'Rae Sremmurd', 'Powerglide (feat. Juicy J) - From SR3MM']"
"['Atl Hip Hop', 'Solo', '2018', '2018', '95', 'Rich The Kid', 'Plug Walk']"
"['Rap', 'Solo', '2018', '2018', '146', 'Sheck Wes', 'Mo Bamba']"
"['Dance Pop', 'Solo', '2019', '2018', '115', 'Sigrid', 'Strangers']"
"['Pop', 'Solo', '2017', '2018', '95', 'Taylor Swift', 'Delicate']"
"['Modern Alternative Rock', 'Band/Group', '2018', '2018', '121', 'The 1975', ""It's Not Living (If It's Not With You)""]"
"['Dance Pop', 'Duo', '2018', '2018', '105', 'The Chainsmokers', 'This Feeling']"
"['Dance Pop', 'Duo', '2018', '2018', '90', 'The Chainsmokers', 'Sick Boy']"
"['Canadian Contemporary R&B', 'Solo', '2018', '2018', '134', 'The Weeknd', 'Call Out My Name']"
"['Canadian Contemporary R&B', 'Solo', '2018', '2018', '101', 'The Weeknd', 'Pray For Me (with Kendrick Lamar)']"
"['Big Room', 'Solo', '2018', '2018', '128', 'Tiësto', 'Jackie Chan']"
"['Hip Hop', 'Solo', '2018', '2018', '155', 'Travis Scott', 'SICKO MODE']"
"['Dance Pop', 'Solo', '2018', '2018', '98', 'Tyga', 'Taste (feat. Offset)']"
"['Folk-Pop', 'Solo', '2018', '2018', '100', 'Vance Joy', 'Saturday Sun']"
"['Emo Rap', 'Solo', '2018', '2018', '75', 'XXXTENTACION', 'SAD!']"
"['Emo Rap', 'Solo', '2018', '2018', '128', 'XXXTENTACION', 'Moonlight']"
"['Emo Rap', 'Solo', '2018', '2018', '65', 'XXXTENTACION', 'changes']"
"['Dance Pop', 'Band/Group', '2018', '2018', '104', 'Years & Years', ""If You're Over Me""]"
"['Cali Rap', 'Solo', '2018', '2018', '204', 'YG', 'BIG BANK (feat. 2 Chainz, Big Sean, Nicki Minaj)']"
"['Complextro', 'Solo', '2018', '2018', '107', 'Zedd', 'The Middle']"
"['Atl Hip Hop', 'Solo', '2018', '2019', '146', '21 Savage', 'a lot']"
"['Boy Band', 'Band/Group', '2020', '2019', '176', '5 Seconds of Summer', 'Easier']"
"['Melodic Rap', 'Solo', '2018', '2019', '93', 'A Boogie Wit da Hoodie', 'Swervin (feat. 6ix9ine)']"
"['Melodic Rap', 'Solo', '2018', '2019', '96', 'A Boogie Wit da Hoodie', 'Look Back at It']"
"['Grime', 'Solo', '2019', '2019', '134', 'AJ Tracey', 'Ladbroke Grove']"
"['Latin', 'Solo', '2019', '2019', '105', 'Anuel AA', 'China']"
"['Latin', 'Solo', '2019', '2019', '92', 'Anuel AA', 'Secreto']"
"['Dance Pop', 'Solo', '2019', '2019', '140', 'Ariana Grande', '7 rings']"
"['Dance Pop', 'Solo', '2019', '2019', '107', 'Ariana Grande', 'thank u, next']"
"['Dance Pop', 'Solo', '2019', '2019', '170', 'Ariana Grande', ""break up with your girlfriend, i'm bored""]"
"['Dance Pop', 'Solo', '2019', '2019', '190', 'Ariana Grande', 'boyfriend (with Social House)']"
"['Pop', 'Solo', '2019', '2019', '125', 'Ashley O', 'On A Roll']"
"['Latin', 'Solo', '2019', '2019', '176', 'Bad Bunny', 'Callaita']"
"['Latin', 'Solo', '2018', '2019', '97', 'Bad Bunny', 'MIA (feat. Drake)']"
"['Art Pop', 'Solo', '2018', '2019', '115', 'Billie Eilish', 'lovely (with Khalid)']"
"['Art Pop', 'Solo', '2019', '2019', '135', 'Billie Eilish', 'bad guy']"
"['Art Pop', 'Solo', '2019', '2019', '83', 'Billie Eilish', ""when the party's over""]"
"['Art Pop', 'Solo', '2019', '2019', '120', 'Billie Eilish', 'bury a friend']"
"['K-Pop', 'Band/Group', '2019', '2019', '132', 'BLACKPINK', 'Kill This Love']"
"['Black Americana', 'Solo', '2019', '2019', '98', 'Blanco Brown', 'The Git Up']"
"['Cali Rap', 'Solo', '2018', '2019', '104', 'Blueface', 'Thotiana']"
"['K-Pop', 'Band/Group', '2019', '2019', '120', 'BTS', 'Boy With Luv (feat. Halsey)']"
"['Dance Pop', 'Solo', '2019', '2019', '134', 'Cardi B', 'Please Me']"
"['Dance Pop', 'Solo', '2018', '2019', '130', 'Cardi B', 'Money']"
"['North Carolina Hip Hop', 'Solo', '2019', '2019', '75', 'DaBaby', 'Suge']"
"['UK Hip Hop', 'Solo', '2019', '2019', '110', 'Dave', 'Location (feat. Burna Boy)']"
"['Dance Pop', 'Solo', '2019', '2019', '170', 'Doja Cat', 'Juicy']"
"['Alternative Pop Rock', 'Solo', '2018', '2019', '152', 'Dominic Fike', '3 Nights']"
"['Canadian Hip Hop', 'Solo', '2019', '2019', '101', 'Drake', 'Money In The Grave (Drake ft. Rick Ross)']"
"['Dance Pop', 'Solo', '2019', '2019', '124', 'Dua Lipa', ""Don't Start Now""]"
"['Pop', 'Solo', '2019', '2019', '138', 'Ed Sheeran', 'Take Me Back to London (feat. Stormzy)']"
"['Pop', 'Solo', '2019', '2019', '95', 'Ed Sheeran', 'Cross Me (feat. Chance the Rapper & PnB Rock)']"
"['Pop', 'Solo', '2019', '2019', '152', 'Ed Sheeran', 'Antisocial (with Travis Scott)']"
"['Melodic Rap', 'Solo', '2019', '2019', '150', 'Flipp Dinero', 'Leave Me Alone']"
"['Dark Clubbing', 'Solo', '2019', '2019', '101', 'Gesaffelstein', 'Lost in the Fire (feat. The Weeknd)']"
"['Dance Pop', 'Solo', '2018', '2019', '136', 'Halsey', 'Without Me']"
"['Melodic Rap', 'Solo', '2019', '2019', '81', 'iann dior', 'emotions']"
"['Melodic Rap', 'Solo', '2019', '2019', '95', 'iann dior', 'gone girl']"
"['Conscious Hip Hop', 'Solo', '2019', '2019', '124', 'J. Cole', 'MIDDLE CHILD']"
"['Dance Pop', 'Solo', '2019', '2019', '122', 'Jax Jones', 'All Day And Night']"
"['Dance Pop', 'Solo', '2019', '2019', '125', 'Joel Corry', 'Sorry']"
"['Boy Band', 'Band/Group', '2019', '2019', '138', 'Jonas Brothers', 'Sucker']"
"['Boy Band', 'Band/Group', '2019', '2019', '94', 'Jonas Brothers', 'Only Human']"
"['Chicago Rap', 'Solo', '2019', '2019', '80', 'Juice WRLD', 'Robbery']"
"['Black Americana', 'Solo', '2019', '2019', '154', 'Kane Brown', 'Good as You']"
"['Dance Pop', 'Solo', '2019', '2019', '146', 'Kehlani', 'Nights Like This (feat. Ty Dolla $ign)']"
"['Pop', 'Solo', '2018', '2019', '98', 'Khalid', 'Better']"
"['Pop', 'Solo', '2019', '2019', '136', 'Khalid', 'Talk (feat. Disclosure)']"
"['Florida Rap', 'Solo', '2018', '2019', '98', 'Kodak Black', 'ZEZE (feat. Travis Scott & Offset)']"
"['Art Pop', 'Solo', '2018', '2019', '96', 'Lady Gaga', 'Shallow']"
"['Art Pop', 'Solo', '2019', '2019', '145', 'Lana Del Rey', ""Doin' Time""]"
"['Dance Pop', 'Solo', '2020', '2019', '102', 'Lauv', ""i'm so tired...""]"
"['Pop', 'Solo', '2019', '2019', '110', 'Lewis Capaldi', 'Someone You Loved']"
"['Pop', 'Solo', '2019', '2019', '104', 'Lewis Capaldi', 'Grace']"
"['LGBTQ+ Hip Hop', 'Solo', '2019', '2019', '136', 'Lil Nas X', 'Old Town Road - Remix']"
"['LGBTQ+ Hip Hop', 'Solo', '2019', '2019', '136', 'Lil Nas X', 'Old Town Road']"
"['LGBTQ+ Hip Hop', 'Solo', '2019', '2019', '154', 'Lil Nas X', 'Panini']"
"['Melodic Rap', 'Solo', '2019', '2019', '180', 'Lil Tecca', 'Ransom']"
"['Dance Pop', 'Solo', '2019', '2019', '158', 'Lizzo', 'Truth Hurts']"
"['Dance Pop', 'Solo', '2019', '2019', '96', 'Lizzo', 'Good as Hell']"
"['Latin', 'Solo', '2019', '2019', '92', 'Lunay', 'Soltera - Remix']"
"['Indie Pop', 'Solo', '2019', '2019', '102', 'Maggie Rogers', 'Light On']"
"['Dance Pop', 'Solo', '2018', '2019', '114', 'Mark Ronson', 'Nothing Breaks Like a Heart (feat. Miley Cyrus)']"
"['Brostep', 'Solo', '2019', '2019', '100', 'Marshmello', 'Here With Me']"
"['Brostep', 'Solo', '2019', '2019', '88', 'Marshmello', 'One Thing Right']"
"['EDM', 'Band/Group', '2019', '2019', '124', 'MEDUZA', 'Piece Of Your Heart']"
"['Hip Hop', 'Solo', '2018', '2019', '86', 'Meek Mill', 'Going Bad (feat. Drake)']"
"['Dance Pop', 'Solo', '2019', '2019', '99', 'Megan Thee Stallion', 'Hot Girl Summer (feat. Nicki Minaj & Ty Dolla $ign)']"
"['Dance Pop', 'Solo', '2019', '2019', '148', 'Miley Cyrus', 'Slide Away']"
"['Cali Rap', 'Solo', '2019', '2019', '202', 'Mustard', 'Pure Water (with Migos)']"
"['Memphis Hip Hop', 'Solo', '2019', '2019', '120', 'NLE Choppa', 'Shotta Flow (feat. Blueface) [Remix]']"
"['Dance Pop', 'Solo', '2019', '2019', '171', 'Normani', 'Motivation']"
"['Afro Dancehall', 'Band/Group', '2020', '2019', '102', 'NSG', 'Options']"
"['Atl Hip Hop', 'Solo', '2019', '2019', '140', 'Offset', 'Clout (feat. Cardi B)']"
"['Modern Rock', 'Band/Group', '2018', '2019', '82', 'Panic! At The Disco', 'High Hopes']"
"['Argentine Hip Hop', 'Solo', '2019', '2019', '172', 'Paulo Londra', 'Adan y Eva']"
"['Chicago Rap', 'Solo', '2019', '2019', '168', 'Polo G', 'Pop Out (feat. Lil Tjay)']"
"['DFW Rap', 'Solo', '2019', '2019', '120', 'Post Malone', 'Circles']"
"['DFW Rap', 'Solo', '2018', '2019', '145', 'Post Malone', 'Better Now']"
"['DFW Rap', 'Solo', '2019', '2019', '90', 'Post Malone', 'Sunflower - Spider-Man: Into the Spider-Verse']"
"['DFW Rap', 'Solo', '2019', '2019', '100', 'Post Malone', 'Wow.']"
"['DFW Rap', 'Solo', '2019', '2019', '150', 'Post Malone', 'Goodbyes (feat. Young Thug)']"
"['Classic Rock', 'Band/Group', '1975', '2019', '144', 'Queen', 'Bohemian Rhapsody - Remastered 2011']"
"['Dance Pop', 'Solo', '2019', '2019', '118', 'Regard', 'Ride It']"
"['UK Drill', 'Solo', '2019', '2019', '141', 'Russ Millions', 'Keisha & Becky - Remix']"
"['Dance Pop', 'Solo', '2019', '2019', '107', 'Sam Feldt', 'Post Malone (feat. RANI)']"
"['Cali Rap', 'Solo', '2019', '2019', '105', 'Saweetie', 'My Type']"
"['Latin', 'Solo', '2019', '2019', '176', 'Sech', 'Otro Trago']"
"['Canadian Pop', 'Solo', '2019', '2019', '117', 'Shawn Mendes', 'Señorita']"
"['Canadian Pop', 'Solo', '2019', '2019', '124', 'Shawn Mendes', ""If I Can't Have You""]"
"['Dance Pop', 'Solo', '2019', '2019', '120', 'Sigrid', 'Don’t Feel Like Crying']"
"['Grime', 'Solo', '2019', '2019', '188', 'Stormzy', 'Vossi Bop']"
"['Pop', 'Solo', '2019', '2019', '69', 'Taylor Swift', 'Lover']"
"['Pop', 'Solo', '2019', '2019', '170', 'Taylor Swift', 'Cruel Summer']"
"['Pop', 'Solo', '2019', '2019', '85', 'Taylor Swift', 'You Need To Calm Down']"
"['Hip Hop', 'Solo', '2018', '2019', '155', 'Travis Scott', 'SICKO MODE']"
"['Hip Hop', 'Solo', '2019', '2019', '80', 'Tyler, The Creator', 'EARFQUAKE']"
"['Grime', 'Solo', '2019', '2019', '103', 'Wiley', 'Boasty (feat. Idris Elba)']"
"['Afroswing', 'Duo', '2019', '2019', '138', 'Young T & Bugsey', 'Strike a Pose (feat. Aitch)']"
"['Atl Hip Hop', 'Solo', '2019', '2019', '98', 'Young Thug', 'The London (feat. J. Cole & Travis Scott)']"
"['', '', '', '', '', '', '']"
"['', '', '', '', '', '', '']"
"['', '', '', '', '', '', '']"
